seq,concentration,date,
0,835,1-1-2015,
1,716,1-1-2015,
2,678,1-1-2015,
3,631,1-1-2015,
4,557,1-1-2015,
5,599,1-1-2015,
6,438,1-1-2015,
7,495,1-1-2015,
8,585,1-1-2015,
9,394,1-1-2015,
10,308,1-1-2015,
11,258,1-1-2015,
12,205,1-1-2015,
13,138,1-1-2015,
14,195,1-1-2015,
15,283,1-1-2015,
16,217,1-1-2015,
17,263,1-1-2015,
18,439,1-1-2015,
19,638,1-1-2015,
20,689,1-1-2015,
21,731,1-1-2015,
22,594,1-1-2015,
23,502,2-1-2015,
24,488,2-1-2015,
25,424,2-1-2015,
26,396,2-1-2015,
27,381,2-1-2015,
28,357,2-1-2015,
29,259,2-1-2015,
30,126,2-1-2015,
31,52,2-1-2015,
32,57,2-1-2015,
33,38,2-1-2015,
34,51,2-1-2015,
35,47,2-1-2015,
36,30,2-1-2015,
37,46,2-1-2015,
38,30,2-1-2015,
39,72,2-1-2015,
40,97,2-1-2015,
41,98,2-1-2015,
42,73,2-1-2015,
43,79,2-1-2015,
44,58,2-1-2015,
45,85,2-1-2015,
46,62,2-1-2015,
47,74,3-1-2015,
483-1-2015,
49,80,3-1-2015,
50,75,3-1-2015,
51,64,3-1-2015,
52,62,3-1-2015,
53,92,3-1-2015,
54,82,3-1-2015,
55,76,3-1-2015,
56,110,3-1-2015,
57,99,3-1-2015,
59,60,3-1-2015,
60,74,3-1-2015,
61,85,3-1-2015,
62,146,3-1-2015,
63,145,3-1-2015,
64,152,3-1-2015,
65,154,3-1-2015,
66,121,3-1-2015,
67,148,3-1-2015,
68,150,3-1-2015,
69,144,3-1-2015,
70,166,3-1-2015,
71,185,4-1-2015,
72,177,4-1-2015,
73,181,4-1-2015,
74,183,4-1-2015,
75,148,4-1-2015,
76,97,4-1-2015,
77,83,4-1-2015,
78,94,4-1-2015,
79,115,4-1-2015,
80,88,4-1-2015,
81,107,4-1-2015,
82,141,4-1-2015,
83,144,4-1-2015,
84,97,4-1-2015,
85,94,4-1-2015,
86,114,4-1-2015,
87,105,4-1-2015,
88,111,4-1-2015,
89,182,4-1-2015,
90,182,4-1-2015,
91,225,4-1-2015,
92,179,4-1-2015,
93,163,4-1-2015,
94,148,4-1-2015,
95,149,5-1-2015,
96,151,5-1-2015,
97,129,5-1-2015,
98,125,5-1-2015,
99,129,5-1-2015,
100,102,5-1-2015,
101,106,5-1-2015,
102,115,5-1-2015,
103,112,5-1-2015,
104,126,5-1-2015,
105,128,5-1-2015,
106,122,5-1-2015,
107,122,5-1-2015,
108,79,5-1-2015,
109,96,5-1-2015,
110,92,5-1-2015,
111,103,5-1-2015,
112,120,5-1-2015,
113,110,5-1-2015,
114,115,5-1-2015,
115,122,5-1-2015,
116,115,5-1-2015,
117,130,5-1-2015,
118,131,5-1-2015,
119,130,6-1-2015,
120,148,6-1-2015,
121,134,6-1-2015,
122,127,6-1-2015,
123,146,6-1-2015,
124,134,6-1-2015,
125,129,6-1-2015,
126,117,6-1-2015,
127,123,6-1-2015,
128,140,6-1-2015,
129,138,6-1-2015,
130,162,6-1-2015,
132,193,6-1-2015,
133,265,6-1-2015,
134,158,6-1-2015,
135,156,6-1-2015,
136,208,6-1-2015,
137,242,6-1-2015,
138,227,6-1-2015,
139,193,6-1-2015,
140,211,6-1-2015,
141,263,6-1-2015,
142,302,6-1-2015,
143,232,7-1-2015,
0,242,7-1-2015,
1,243,7-1-2015,
2,242,7-1-2015,
3,236,7-1-2015,
4,192,7-1-2015,
5,189,7-1-2015,
10,208,7-1-2015,
11,346,7-1-2015,
12,326,7-1-2015,
13,320,7-1-2015,
14,263,7-1-2015,
15,232,7-1-2015,
16,244,7-1-2015,
17,251,7-1-2015,
18,256,7-1-2015,
19,235,7-1-2015,
20,158,7-1-2015,
21,282,7-1-2015,
22,263,7-1-2015,
23,207,8-1-2015,
24,213,8-1-2015,
25,207,8-1-2015,
26,216,8-1-2015,
27,173,8-1-2015,
28,121,8-1-2015,
29,108,8-1-2015,
30,116,8-1-2015,
31,109,8-1-2015,
32,134,8-1-2015,
33,123,8-1-2015,
34,118,8-1-2015,
35,127,8-1-2015,
36,105,8-1-2015,
37,222,8-1-2015,
38,237,8-1-2015,
39,221,8-1-2015,
40,233,8-1-2015,
41,285,8-1-2015,
42,299,8-1-2015,
43,363,8-1-2015,
45,275,8-1-2015,
46,245,8-1-2015,
47,250,9-1-2015,
48,241,9-1-2015,
49,238,9-1-2015,
50,228,9-1-2015,
51,198,9-1-2015,
52,163,9-1-2015,
53,174,9-1-2015,
54,197,9-1-2015,
55,206,9-1-2015,
56,211,9-1-2015,
57,258,9-1-2015,
58,314,9-1-2015,
59,330,9-1-2015,
60,263,9-1-2015,
61,318,9-1-2015,
62,353,9-1-2015,
63,334,9-1-2015,
64,388,9-1-2015,
65,456,9-1-2015,
66,378,9-1-2015,
67,412,9-1-2015,
68,351,9-1-2015,
69,324,9-1-2015,
70,273,9-1-2015,
71,266,10-1-2015,
72,223,10-1-2015,
73,168,10-1-2015,
74,196,10-1-2015,
75,210,10-1-2015,
76,208,10-1-2015,
77,182,10-1-2015,
78,180,10-1-2015,
79,185,10-1-2015,
80,175,10-1-2015,
81,161,10-1-2015,
82,157,10-1-2015,
83,153,10-1-2015,
84,146,10-1-2015,
85,177,10-1-2015,
86,147,10-1-2015,
88,151,10-1-2015,
89,138,10-1-2015,
90,222,10-1-2015,
91,287,10-1-2015,
92,397,10-1-2015,
93,511,10-1-2015,
94,462,10-1-2015,
95,494,11-1-2015,
96,449,11-1-2015,
97,368,11-1-2015,
98,363,11-1-2015,
99,348,11-1-2015,
100,307,11-1-2015,
101,308,11-1-2015,
102,242,11-1-2015,
103,172,11-1-2015,
104,196,11-1-2015,
105,220,11-1-2015,
106,241,11-1-2015,
107,226,11-1-2015,
108,194,11-1-2015,
109,231,11-1-2015,
110,216,11-1-2015,
111,204,11-1-2015,
112,258,11-1-2015,
113,322,11-1-2015,
114,268,11-1-2015,
115,280,11-1-2015,
116,347,11-1-2015,
117,431,11-1-2015,
118,382,11-1-2015,
119,269,12-1-2015,
120,243,12-1-2015,
121,227,12-1-2015,
122,204,12-1-2015,
123,217,12-1-2015,
124,194,12-1-2015,
125,209,12-1-2015,
126,198,12-1-2015,
127,199,12-1-2015,
128,237,12-1-2015,
129,251,12-1-2015,
130,320,12-1-2015,
131,351,12-1-2015,
132,313,12-1-2015,
133,357,12-1-2015,
134,350,12-1-2015,
135,349,12-1-2015,
136,353,12-1-2015,
137,389,12-1-2015,
138,342,12-1-2015,
139,258,12-1-2015,
140,227,12-1-2015,
141,236,12-1-2015,
142,270,12-1-2015,
143,229,13-1-2015,
0,227,13-1-2015,
1,221,13-1-2015,
2,171,13-1-2015,
3,152,13-1-2015,
4,140,13-1-2015,
5,162,13-1-2015,
6,223,13-1-2015,
7,189,13-1-2015,
8,155,13-1-2015,
9,191,13-1-2015,
10,243,13-1-2015,
11,304,13-1-2015,
12,267,13-1-2015,
13,248,13-1-2015,
14,251,13-1-2015,
15,266,13-1-2015,
16,256,13-1-2015,
17,226,13-1-2015,
18,242,13-1-2015,
19,316,13-1-2015,
20,313,13-1-2015,
21,325,13-1-2015,
22,330,13-1-2015,
23,304,14-1-2015,
24,257,14-1-2015,
25,212,14-1-2015,
26,200,14-1-2015,
27,197,14-1-2015,
28,160,14-1-2015,
29,160,14-1-2015,
30,174,14-1-2015,
31,158,14-1-2015,
32,174,14-1-2015,
33,195,14-1-2015,
34,208,14-1-2015,
35,196,14-1-2015,
36,178,14-1-2015,
37,168,14-1-2015,
38,185,14-1-2015,
39,259,14-1-2015,
40,229,14-1-2015,
41,154,14-1-2015,
42,192,14-1-2015,
43,236,14-1-2015,
44,269,14-1-2015,
45,341,14-1-2015,
46,316,14-1-2015,
47,341,15-1-2015,
48,281,15-1-2015,
49,286,15-1-2015,
50,289,15-1-2015,
51,286,15-1-2015,
52,183,15-1-2015,
53,231,15-1-2015,
54,232,15-1-2015,
55,250,15-1-2015,
56,265,15-1-2015,
57,268,15-1-2015,
58,195,15-1-2015,
59,162,15-1-2015,
60,145,15-1-2015,
61,184,15-1-2015,
62,167,15-1-2015,
63,124,15-1-2015,
64,121,15-1-2015,
65,172,15-1-2015,
66,233,15-1-2015,
67,224,15-1-2015,
68,208,15-1-2015,
69,231,15-1-2015,
70,204,15-1-2015,
71,221,16-1-2015,
72,247,16-1-2015,
73,227,16-1-2015,
74,223,16-1-2015,
75,243,16-1-2015,
76,158,16-1-2015,
77,133,16-1-2015,
78,137,16-1-2015,
79,133,16-1-2015,
80,148,16-1-2015,
81,150,16-1-2015,
84,140,16-1-2015,
85,136,16-1-2015,
86,123,16-1-2015,
87,167,16-1-2015,
90,216,16-1-2015,
91,419,16-1-2015,
92,241,16-1-2015,
93,234,16-1-2015,
94,254,16-1-2015,
95,246,17-1-2015,
96,236,17-1-2015,
97,251,17-1-2015,
98,223,17-1-2015,
99,190,17-1-2015,
101,156,17-1-2015,
102,146,17-1-2015,
103,157,17-1-2015,
104,148,17-1-2015,
105,191,17-1-2015,
106,167,17-1-2015,
114,251,17-1-2015,
115,519,17-1-2015,
116,637,17-1-2015,
117,611,17-1-2015,
118,379,17-1-2015,
119,315,18-1-2015,
120,284,18-1-2015,
121,314,18-1-2015,
122,246,18-1-2015,
123,216,18-1-2015,
124,191,18-1-2015,
125,147,18-1-2015,
126,186,18-1-2015,
127,305,18-1-2015,
128,268,18-1-2015,
129,265,18-1-2015,
130,244,18-1-2015,
131,125,18-1-2015,
132,74,18-1-2015,
133,111,18-1-2015,
134,107,18-1-2015,
135,92,18-1-2015,
136,83,18-1-2015,
137,116,18-1-2015,
138,332,18-1-2015,
139,591,18-1-2015,
140,689,18-1-2015,
141,817,18-1-2015,
142,510,18-1-2015,
143,357,19-1-2015,
0,369,19-1-2015,
1,296,19-1-2015,
2,227,19-1-2015,
3,216,19-1-2015,
4,174,19-1-2015,
6,120,19-1-2015,
7,165,19-1-2015,
8,203,19-1-2015,
9,237,19-1-2015,
10,219,19-1-2015,
11,248,19-1-2015,
12,108,19-1-2015,
13,141,19-1-2015,
14,129,19-1-2015,
15,133,19-1-2015,
16,135,19-1-2015,
17,163,19-1-2015,
18,300,19-1-2015,
19,233,19-1-2015,
20,226,19-1-2015,
21,206,19-1-2015,
22,188,19-1-2015,
24,180,20-1-2015,
25,153,20-1-2015,
26,183,20-1-2015,
27,140,20-1-2015,
28,134,20-1-2015,
29,153,20-1-2015,
30,194,20-1-2015,
31,201,20-1-2015,
32,221,20-1-2015,
33,257,20-1-2015,
34,213,20-1-2015,
35,186,20-1-2015,
36,197,20-1-2015,
37,252,20-1-2015,
38,284,20-1-2015,
39,201,20-1-2015,
40,190,20-1-2015,
41,177,20-1-2015,
42,163,20-1-2015,
43,226,20-1-2015,
44,247,20-1-2015,
45,198,20-1-2015,
46,177,20-1-2015,
47,176,21-1-2015,
50,173,21-1-2015,
51,176,21-1-2015,
52,176,21-1-2015,
53,151,21-1-2015,
54,207,21-1-2015,
55,175,21-1-2015,
57,202,21-1-2015,
58,226,21-1-2015,
59,210,21-1-2015,
60,197,21-1-2015,
61,196,21-1-2015,
62,258,21-1-2015,
63,238,21-1-2015,
70,198,21-1-2015,
71,179,22-1-2015,
73,155,22-1-2015,
74,164,22-1-2015,
75,178,22-1-2015,
76,141,22-1-2015,
77,149,22-1-2015,
78,129,22-1-2015,
79,178,22-1-2015,
81,164,22-1-2015,
82,179,22-1-2015,
83,198,22-1-2015,
84,163,22-1-2015,
85,146,22-1-2015,
86,126,22-1-2015,
87,95,22-1-2015,
107,75,23-1-2015,
108,65,23-1-2015,
109,79,23-1-2015,
110,134,23-1-2015,
111,111,23-1-2015,
117,130,23-1-2015,
118,116,23-1-2015,
119,117,24-1-2015,
120,73,24-1-2015,
121,105,24-1-2015,
122,79,24-1-2015,
123,91,24-1-2015,
124,91,24-1-2015,
125,57,24-1-2015,
126,50,24-1-2015,
127,76,24-1-2015,
129,89,24-1-2015,
130,96,24-1-2015,
132,105,24-1-2015,
133,119,24-1-2015,
134,70,24-1-2015,
135,114,24-1-2015,
136,117,24-1-2015,
137,152,24-1-2015,
139,139,24-1-2015,
140,128,24-1-2015,
141,134,24-1-2015,
142,111,24-1-2015,
143,72,25-1-2015,
0,154,25-1-2015,
1,111,25-1-2015,
2,124,25-1-2015,
3,115,25-1-2015,
4,56,25-1-2015,
5,65,25-1-2015,
6,75,25-1-2015,
7,108,25-1-2015,
8,146,25-1-2015,
9,173,25-1-2015,
10,146,25-1-2015,
11,159,25-1-2015,
12,119,25-1-2015,
13,136,25-1-2015,
14,126,25-1-2015,
16,147,25-1-2015,
18,159,25-1-2015,
19,201,25-1-2015,
20,206,25-1-2015,
21,178,25-1-2015,
22,145,25-1-2015,
23,130,26-1-2015,
24,119,26-1-2015,
25,158,26-1-2015,
26,141,26-1-2015,
27,136,26-1-2015,
28,135,26-1-2015,
29,120,26-1-2015,
30,136,26-1-2015,
31,110,26-1-2015,
32,79,26-1-2015,
33,146,26-1-2015,
34,121,26-1-2015,
42,167,26-1-2015,
43,181,26-1-2015,
44,173,26-1-2015,
45,153,26-1-2015,
46,184,26-1-2015,
47,164,27-1-2015,
48,204,27-1-2015,
49,196,27-1-2015,
50,159,27-1-2015,
51,146,27-1-2015,
52,109,27-1-2015,
53,95,27-1-2015,
54,109,27-1-2015,
55,170,27-1-2015,
56,148,27-1-2015,
57,215,27-1-2015,
58,195,27-1-2015,
59,126,27-1-2015,
60,85,27-1-2015,
61,120,27-1-2015,
62,123,27-1-2015,
63,136,27-1-2015,
64,112,27-1-2015,
65,113,27-1-2015,
66,170,27-1-2015,
67,150,27-1-2015,
68,145,27-1-2015,
69,110,27-1-2015,
70,128,27-1-2015,
71,137,28-1-2015,
72,137,28-1-2015,
73,181,28-1-2015,
74,134,28-1-2015,
75,142,28-1-2015,
76,134,28-1-2015,
77,106,28-1-2015,
78,126,28-1-2015,
79,127,28-1-2015,
80,146,28-1-2015,
81,162,28-1-2015,
82,155,28-1-2015,
87,81,28-1-2015,
88,78,28-1-2015,
89,78,28-1-2015,
90,115,28-1-2015,
91,164,28-1-2015,
92,174,28-1-2015,
93,217,28-1-2015,
94,156,28-1-2015,
95,282,29-1-2015,
97,214,29-1-2015,
98,198,29-1-2015,
99,189,29-1-2015,
100,137,29-1-2015,
101,119,29-1-2015,
102,158,29-1-2015,
103,219,29-1-2015,
104,260,29-1-2015,
105,253,29-1-2015,
108,94,29-1-2015,
109,150,29-1-2015,
110,87,29-1-2015,
111,88,29-1-2015,
112,81,29-1-2015,
113,74,29-1-2015,
114,158,29-1-2015,
115,174,29-1-2015,
116,209,29-1-2015,
117,205,29-1-2015,
118,265,29-1-2015,
119,152,30-1-2015,
120,196,30-1-2015,
121,184,30-1-2015,
123,179,30-1-2015,
124,158,30-1-2015,
125,141,30-1-2015,
126,143,30-1-2015,
127,178,30-1-2015,
128,203,30-1-2015,
129,232,30-1-2015,
130,180,30-1-2015,
131,167,30-1-2015,
132,76,30-1-2015,
135,95,30-1-2015,
136,51,30-1-2015,
137,48,30-1-2015,
138,84,30-1-2015,
139,99,30-1-2015,
140,113,30-1-2015,
141,187,30-1-2015,
142,196,30-1-2015,
143,160,31-1-2015,
0,188,31-1-2015,
1,152,31-1-2015,
2,134,31-1-2015,
3,120,31-1-2015,
4,148,31-1-2015,
5,176,31-1-2015,
6,161,31-1-2015,
7,182,31-1-2015,
8,152,31-1-2015,
10,136,31-1-2015,
11,126,31-1-2015,
12,20,31-1-2015,
13,129,31-1-2015,
14,70,31-1-2015,
15,21,31-1-2015,
16,62,31-1-2015,
17,119,31-1-2015,
18,164,31-1-2015,
19,205,31-1-2015,
20,569,31-1-2015,
21,498,31-1-2015,
22,416,31-1-2015,
23,330,1-2-2015,
24,293,1-2-2015,
25,283,1-2-2015,
26,267,1-2-2015,
27,261,1-2-2015,
28,246,1-2-2015,
29,380,1-2-2015,
30,365,1-2-2015,
31,392,1-2-2015,
32,375,1-2-2015,
33,240,1-2-2015,
34,132,1-2-2015,
35,52,1-2-2015,
36,23,1-2-2015,
37,69,1-2-2015,
38,51,1-2-2015,
39,82,1-2-2015,
40,134,1-2-2015,
41,134,1-2-2015,
42,117,1-2-2015,
43,221,1-2-2015,
44,321,1-2-2015,
45,253,1-2-2015,
46,261,1-2-2015,
47,260,2-2-2015,
48,235,2-2-2015,
49,191,2-2-2015,
50,172,2-2-2015,
51,163,2-2-2015,
52,153,2-2-2015,
53,157,2-2-2015,
54,163,2-2-2015,
55,196,2-2-2015,
56,213,2-2-2015,
57,196,2-2-2015,
58,183,2-2-2015,
59,154,2-2-2015,
60,120,2-2-2015,
61,127,2-2-2015,
62,132,2-2-2015,
63,141,2-2-2015,
64,153,2-2-2015,
65,163,2-2-2015,
66,157,2-2-2015,
74,137,3-2-2015,
75,151,3-2-2015,
76,135,3-2-2015,
77,128,3-2-2015,
78,111,3-2-2015,
79,115,3-2-2015,
80,163,3-2-2015,
81,171,3-2-2015,
82,153,3-2-2015,
84,127,3-2-2015,
85,140,3-2-2015,
86,196,3-2-2015,
88,148,3-2-2015,
89,125,3-2-2015,
90,123,3-2-2015,
91,135,3-2-2015,
92,135,3-2-2015,
93,134,3-2-2015,
94,137,3-2-2015,
95,112,4-2-2015,
96,125,4-2-2015,
97,99,4-2-2015,
98,87,4-2-2015,
99,90,4-2-2015,
100,90,4-2-2015,
101,68,4-2-2015,
102,83,4-2-2015,
103,98,4-2-2015,
104,112,4-2-2015,
105,111,4-2-2015,
106,125,4-2-2015,
107,140,4-2-2015,
108,128,4-2-2015,
109,125,4-2-2015,
110,83,4-2-2015,
111,105,4-2-2015,
112,107,4-2-2015,
113,84,4-2-2015,
114,111,4-2-2015,
115,110,4-2-2015,
116,133,4-2-2015,
117,104,4-2-2015,
118,97,4-2-2015,
119,100,5-2-2015,
120,128,5-2-2015,
121,177,5-2-2015,
122,150,5-2-2015,
123,113,5-2-2015,
124,72,5-2-2015,
125,68,5-2-2015,
126,80,5-2-2015,
127,99,5-2-2015,
128,125,5-2-2015,
129,116,5-2-2015,
130,103,5-2-2015,
131,81,5-2-2015,
132,75,5-2-2015,
133,87,5-2-2015,
135,55,5-2-2015,
136,55,5-2-2015,
137,54,5-2-2015,
138,129,5-2-2015,
139,225,5-2-2015,
140,206,5-2-2015,
141,367,5-2-2015,
4,206,6-2-2015,
5,204,6-2-2015,
6,181,6-2-2015,
7,249,6-2-2015,
8,369,6-2-2015,
9,268,6-2-2015,
10,121,6-2-2015,
11,61,6-2-2015,
12,23,6-2-2015,
13,57,6-2-2015,
14,71,6-2-2015,
15,63,6-2-2015,
16,101,6-2-2015,
17,118,6-2-2015,
18,141,6-2-2015,
19,151,6-2-2015,
20,220,6-2-2015,
21,206,6-2-2015,
22,293,6-2-2015,
23,288,7-2-2015,
24,302,7-2-2015,
25,269,7-2-2015,
26,254,7-2-2015,
27,227,7-2-2015,
28,222,7-2-2015,
29,216,7-2-2015,
30,324,7-2-2015,
31,333,7-2-2015,
32,414,7-2-2015,
33,259,7-2-2015,
34,142,7-2-2015,
35,82,7-2-2015,
36,52,7-2-2015,
37,87,7-2-2015,
38,122,7-2-2015,
39,114,7-2-2015,
40,96,7-2-2015,
41,90,7-2-2015,
42,196,7-2-2015,
43,411,7-2-2015,
44,460,7-2-2015,
45,395,7-2-2015,
46,307,7-2-2015,
47,299,8-2-2015,
48,300,8-2-2015,
49,248,8-2-2015,
50,197,8-2-2015,
51,159,8-2-2015,
52,122,8-2-2015,
53,131,8-2-2015,
54,141,8-2-2015,
55,233,8-2-2015,
56,257,8-2-2015,
57,154,8-2-2015,
58,169,8-2-2015,
59,178,8-2-2015,
60,70,8-2-2015,
61,84,8-2-2015,
62,95,8-2-2015,
63,68,8-2-2015,
64,58,8-2-2015,
65,58,8-2-2015,
66,129,8-2-2015,
67,174,8-2-2015,
68,183,8-2-2015,
69,188,8-2-2015,
70,225,8-2-2015,
71,177,9-2-2015,
72,151,9-2-2015,
73,143,9-2-2015,
74,90,9-2-2015,
75,81,9-2-2015,
76,63,9-2-2015,
77,68,9-2-2015,
78,92,9-2-2015,
79,113,9-2-2015,
80,180,9-2-2015,
81,200,9-2-2015,
83,55,9-2-2015,
131,98,11-2-2015,
132,173,11-2-2015,
133,111,11-2-2015,
134,132,11-2-2015,
135,136,11-2-2015,
136,122,11-2-2015,
137,101,11-2-2015,
138,139,11-2-2015,
139,183,11-2-2015,
140,195,11-2-2015,
141,290,11-2-2015,
142,217,11-2-2015,
143,193,12-2-2015,
0,191,12-2-2015,
1,194,12-2-2015,
2,194,12-2-2015,
3,199,12-2-2015,
4,189,12-2-2015,
5,190,12-2-2015,
6,218,12-2-2015,
7,270,12-2-2015,
8,281,12-2-2015,
9,327,12-2-2015,
10,227,12-2-2015,
11,143,12-2-2015,
12,159,12-2-2015,
13,116,12-2-2015,
14,117,12-2-2015,
15,133,12-2-2015,
16,125,12-2-2015,
17,143,12-2-2015,
18,125,12-2-2015,
19,184,12-2-2015,
20,173,12-2-2015,
21,155,12-2-2015,
22,168,12-2-2015,
23,194,13-2-2015,
24,210,13-2-2015,
25,247,13-2-2015,
26,193,13-2-2015,
27,180,13-2-2015,
28,176,13-2-2015,
29,205,13-2-2015,
30,139,13-2-2015,
31,123,13-2-2015,
32,105,13-2-2015,
33,92,13-2-2015,
34,156,13-2-2015,
35,166,13-2-2015,
36,194,13-2-2015,
37,158,13-2-2015,
39,80,13-2-2015,
40,99,13-2-2015,
41,49,13-2-2015,
42,123,13-2-2015,
43,304,13-2-2015,
44,411,13-2-2015,
45,395,13-2-2015,
46,372,13-2-2015,
47,252,14-2-2015,
48,196,14-2-2015,
49,158,14-2-2015,
50,205,14-2-2015,
51,203,14-2-2015,
52,265,14-2-2015,
53,252,14-2-2015,
54,266,14-2-2015,
55,271,14-2-2015,
56,261,14-2-2015,
57,142,14-2-2015,
58,122,14-2-2015,
59,69,14-2-2015,
60,53,14-2-2015,
61,83,14-2-2015,
62,92,14-2-2015,
63,985,14-2-2015,
64,985,14-2-2015,
65,985,14-2-2015,
78,261,15-2-2015,
79,261,15-2-2015,
80,261,15-2-2015,
81,261,15-2-2015,
82,261,15-2-2015,
83,261,15-2-2015,
84,985,15-2-2015,
85,985,15-2-2015,
86,985,15-2-2015,
87,985,15-2-2015,
88,985,15-2-2015,
89,985,15-2-2015,
90,985,15-2-2015,
91,985,15-2-2015,
92,985,15-2-2015,
93,985,15-2-2015,
94,985,15-2-2015,
95,985,16-2-2015,
96,985,16-2-2015,
97,985,16-2-2015,
98,985,16-2-2015,
99,985,16-2-2015,
100,985,16-2-2015,
101,985,16-2-2015,
102,985,16-2-2015,
103,985,16-2-2015,
105,156,16-2-2015,
106,156,16-2-2015,
108,249,16-2-2015,
109,184,16-2-2015,
110,85,16-2-2015,
111,120,16-2-2015,
112,132,16-2-2015,
113,143,16-2-2015,
114,136,16-2-2015,
115,164,16-2-2015,
116,183,16-2-2015,
117,177,16-2-2015,
118,229,16-2-2015,
119,191,17-2-2015,
120,149,17-2-2015,
121,112,17-2-2015,
122,150,17-2-2015,
123,164,17-2-2015,
124,151,17-2-2015,
125,154,17-2-2015,
126,175,17-2-2015,
127,157,17-2-2015,
128,162,17-2-2015,
129,131,17-2-2015,
130,172,17-2-2015,
131,161,17-2-2015,
132,145,17-2-2015,
133,148,17-2-2015,
134,131,17-2-2015,
135,141,17-2-2015,
136,138,17-2-2015,
137,140,17-2-2015,
138,161,17-2-2015,
139,285,17-2-2015,
140,338,17-2-2015,
141,383,17-2-2015,
142,338,17-2-2015,
143,288,18-2-2015,
0,241,18-2-2015,
1,175,18-2-2015,
3,235,18-2-2015,
4,235,18-2-2015,
5,262,18-2-2015,
6,285,18-2-2015,
7,306,18-2-2015,
8,279,18-2-2015,
9,176,18-2-2015,
10,181,18-2-2015,
11,188,18-2-2015,
12,146,18-2-2015,
13,130,18-2-2015,
14,143,18-2-2015,
15,140,18-2-2015,
16,144,18-2-2015,
17,133,18-2-2015,
18,158,18-2-2015,
19,213,18-2-2015,
20,368,18-2-2015,
21,360,18-2-2015,
22,317,18-2-2015,
23,289,19-2-2015,
24,262,19-2-2015,
25,186,19-2-2015,
26,196,19-2-2015,
27,189,19-2-2015,
28,183,19-2-2015,
29,184,19-2-2015,
30,197,19-2-2015,
31,225,19-2-2015,
32,210,19-2-2015,
33,195,19-2-2015,
34,184,19-2-2015,
35,176,19-2-2015,
36,157,19-2-2015,
37,152,19-2-2015,
38,142,19-2-2015,
39,130,19-2-2015,
40,136,19-2-2015,
41,137,19-2-2015,
42,150,19-2-2015,
43,206,19-2-2015,
44,208,19-2-2015,
45,213,19-2-2015,
46,180,19-2-2015,
47,131,20-2-2015,
48,116,20-2-2015,
49,130,20-2-2015,
50,150,20-2-2015,
51,135,20-2-2015,
52,154,20-2-2015,
53,159,20-2-2015,
54,145,20-2-2015,
55,124,20-2-2015,
56,130,20-2-2015,
57,87,20-2-2015,
58,141,20-2-2015,
59,145,20-2-2015,
60,154,20-2-2015,
61,184,20-2-2015,
62,236,20-2-2015,
63,210,20-2-2015,
64,117,20-2-2015,
65,118,20-2-2015,
66,212,20-2-2015,
67,91,20-2-2015,
68,112,20-2-2015,
69,174,20-2-2015,
70,165,20-2-2015,
71,169,21-2-2015,
72,149,21-2-2015,
73,117,21-2-2015,
74,87,21-2-2015,
76,125,21-2-2015,
77,152,21-2-2015,
78,179,21-2-2015,
79,182,21-2-2015,
80,168,21-2-2015,
81,81,21-2-2015,
82,64,21-2-2015,
83,154,21-2-2015,
84,85,21-2-2015,
85,81,21-2-2015,
86,99,21-2-2015,
87,99,21-2-2015,
88,89,21-2-2015,
89,86,21-2-2015,
90,77,21-2-2015,
91,84,21-2-2015,
92,97,21-2-2015,
93,86,21-2-2015,
94,85,21-2-2015,
95,59,22-2-2015,
96,45,22-2-2015,
97,37,22-2-2015,
98,14,22-2-2015,
99,46,22-2-2015,
100,58,22-2-2015,
101,88,22-2-2015,
102,85,22-2-2015,
103,60,22-2-2015,
104,65,22-2-2015,
105,47,22-2-2015,
106,39,22-2-2015,
107,70,22-2-2015,
108,40,22-2-2015,
109,61,22-2-2015,
110,65,22-2-2015,
111,70,22-2-2015,
112,82,22-2-2015,
113,81,22-2-2015,
114,85,22-2-2015,
115,89,22-2-2015,
116,98,22-2-2015,
117,107,22-2-2015,
118,115,22-2-2015,
119,90,23-2-2015,
120,89,23-2-2015,
121,78,23-2-2015,
122,58,23-2-2015,
123,71,23-2-2015,
124,107,23-2-2015,
125,149,23-2-2015,
126,111,23-2-2015,
127,151,23-2-2015,
128,215,23-2-2015,
129,174,23-2-2015,
130,212,23-2-2015,
131,164,23-2-2015,
132,206,23-2-2015,
133,337,23-2-2015,
134,176,23-2-2015,
135,167,23-2-2015,
136,146,23-2-2015,
137,159,23-2-2015,
138,170,23-2-2015,
139,225,23-2-2015,
140,274,23-2-2015,
141,290,23-2-2015,
142,294,23-2-2015,
143,258,24-2-2015,
10,39,2-3-2015,
11,39,2-3-2015,
12,27,2-3-2015,
13,18,2-3-2015,
14,14,2-3-2015,
15,45,2-3-2015,
18,83,2-3-2015,
19,68,2-3-2015,
20,42,2-3-2015,
21,40,2-3-2015,
22,47,2-3-2015,
23,44,3-3-2015,
24,59,3-3-2015,
25,45,3-3-2015,
26,40,3-3-2015,
27,42,3-3-2015,
28,30,3-3-2015,
29,50,3-3-2015,
30,74,3-3-2015,
31,98,3-3-2015,
32,79,3-3-2015,
33,96,3-3-2015,
35,96,3-3-2015,
36,90,3-3-2015,
37,81,3-3-2015,
38,62,3-3-2015,
39,106,3-3-2015,
40,106,3-3-2015,
41,40,3-3-2015,
42,52,3-3-2015,
43,46,3-3-2015,
44,50,3-3-2015,
45,93,3-3-2015,
46,104,3-3-2015,
47,105,4-3-2015,
48,89,4-3-2015,
49,89,4-3-2015,
50,89,4-3-2015,
51,89,4-3-2015,
52,89,4-3-2015,
53,89,4-3-2015,
54,89,4-3-2015,
60,86,4-3-2015,
61,27,4-3-2015,
62,11,4-3-2015,
64,77,4-3-2015,
65,43,4-3-2015,
66,43,4-3-2015,
67,65,4-3-2015,
68,218,4-3-2015,
69,244,4-3-2015,
70,248,4-3-2015,
71,214,5-3-2015,
72,186,5-3-2015,
73,166,5-3-2015,
74,150,5-3-2015,
75,155,5-3-2015,
80,152,5-3-2015,
81,51,5-3-2015,
82,87,5-3-2015,
83,51,5-3-2015,
84,38,5-3-2015,
85,57,5-3-2015,
86,102,5-3-2015,
89,66,5-3-2015,
90,80,5-3-2015,
91,437,5-3-2015,
92,311,5-3-2015,
93,376,5-3-2015,
94,278,5-3-2015,
95,294,6-3-2015,
96,290,6-3-2015,
97,306,6-3-2015,
98,439,6-3-2015,
99,108,6-3-2015,
100,92,6-3-2015,
101,62,6-3-2015,
102,81,6-3-2015,
103,86,6-3-2015,
104,92,6-3-2015,
105,81,6-3-2015,
106,21,6-3-2015,
107,6,6-3-2015,
108,20,6-3-2015,
109,27,6-3-2015,
110,30,6-3-2015,
111,43,6-3-2015,
112,36,6-3-2015,
113,44,6-3-2015,
114,64,6-3-2015,
115,182,6-3-2015,
116,113,6-3-2015,
117,81,6-3-2015,
118,101,6-3-2015,
119,58,7-3-2015,
120,75,7-3-2015,
121,65,7-3-2015,
122,52,7-3-2015,
123,78,7-3-2015,
124,62,7-3-2015,
125,46,7-3-2015,
126,61,7-3-2015,
127,83,7-3-2015,
128,108,7-3-2015,
129,55,7-3-2015,
130,17,7-3-2015,
131,2,7-3-2015,
132,20,7-3-2015,
133,51,7-3-2015,
134,25,7-3-2015,
135,41,7-3-2015,
136,85,7-3-2015,
137,93,7-3-2015,
138,52,7-3-2015,
139,60,7-3-2015,
140,58,7-3-2015,
141,58,7-3-2015,
142,78,7-3-2015,
143,54,8-3-2015,
0,56,8-3-2015,
1,39,8-3-2015,
2,41,8-3-2015,
3,39,8-3-2015,
4,39,8-3-2015,
5,37,8-3-2015,
6,45,8-3-2015,
7,66,8-3-2015,
8,62,8-3-2015,
9,82,8-3-2015,
10,53,8-3-2015,
11,20,8-3-2015,
12,18,8-3-2015,
13,8,8-3-2015,
14,17,8-3-2015,
15,34,8-3-2015,
16,33,8-3-2015,
17,47,8-3-2015,
18,38,8-3-2015,
19,67,8-3-2015,
20,49,8-3-2015,
21,38,8-3-2015,
22,61,8-3-2015,
23,49,9-3-2015,
26,60,9-3-2015,
27,59,9-3-2015,
28,55,9-3-2015,
29,56,9-3-2015,
30,71,9-3-2015,
33,70,9-3-2015,
34,31,9-3-2015,
35,8,9-3-2015,
36,43,9-3-2015,
37,24,9-3-2015,
38,38,9-3-2015,
39,47,9-3-2015,
40,61,9-3-2015,
41,22,9-3-2015,
42,92,9-3-2015,
43,109,9-3-2015,
44,73,9-3-2015,
45,76,9-3-2015,
46,81,9-3-2015,
47,83,10-3-2015,
48,81,10-3-2015,
49,60,10-3-2015,
50,77,10-3-2015,
51,77,10-3-2015,
52,94,10-3-2015,
53,85,10-3-2015,
54,94,10-3-2015,
55,135,10-3-2015,
56,152,10-3-2015,
57,116,10-3-2015,
58,75,10-3-2015,
59,68,10-3-2015,
60,68,10-3-2015,
61,48,10-3-2015,
62,53,10-3-2015,
63,49,10-3-2015,
64,70,10-3-2015,
65,78,10-3-2015,
66,48,10-3-2015,
67,84,10-3-2015,
68,97,10-3-2015,
69,91,10-3-2015,
70,102,10-3-2015,
71,126,11-3-2015,
72,109,11-3-2015,
73,113,11-3-2015,
74,113,11-3-2015,
75,120,11-3-2015,
76,120,11-3-2015,
77,151,11-3-2015,
78,171,11-3-2015,
79,128,11-3-2015,
80,111,11-3-2015,
81,96,11-3-2015,
82,51,11-3-2015,
83,44,11-3-2015,
84,64,11-3-2015,
85,64,11-3-2015,
86,81,11-3-2015,
87,77,11-3-2015,
88,85,11-3-2015,
89,65,11-3-2015,
90,118,11-3-2015,
105,170,12-3-2015,
106,64,12-3-2015,
107,54,12-3-2015,
108,84,12-3-2015,
109,104,12-3-2015,
110,62,12-3-2015,
111,79,12-3-2015,
113,64,12-3-2015,
114,75,12-3-2015,
115,82,12-3-2015,
116,175,12-3-2015,
117,154,12-3-2015,
118,141,12-3-2015,
119,121,13-3-2015,
120,136,13-3-2015,
121,160,13-3-2015,
122,127,13-3-2015,
123,120,13-3-2015,
124,153,13-3-2015,
125,173,13-3-2015,
126,223,13-3-2015,
128,194,13-3-2015,
129,174,13-3-2015,
130,183,13-3-2015,
131,146,13-3-2015,
133,90,13-3-2015,
134,128,13-3-2015,
135,166,13-3-2015,
136,166,13-3-2015,
137,139,13-3-2015,
138,125,13-3-2015,
139,129,13-3-2015,
140,59,13-3-2015,
141,71,13-3-2015,
142,75,13-3-2015,
143,59,14-3-2015,
0,48,14-3-2015,
1,45,14-3-2015,
2,46,14-3-2015,
3,50,14-3-2015,
4,71,14-3-2015,
5,103,14-3-2015,
6,81,14-3-2015,
7,97,14-3-2015,
8,108,14-3-2015,
9,55,14-3-2015,
10,20,14-3-2015,
11,76,14-3-2015,
12,112,14-3-2015,
13,83,14-3-2015,
14,50,14-3-2015,
15,42,14-3-2015,
16,30,14-3-2015,
17,6,14-3-2015,
18,39,14-3-2015,
19,43,14-3-2015,
20,42,14-3-2015,
21,34,14-3-2015,
22,38,14-3-2015,
23,17,15-3-2015,
24,5,15-3-2015,
26,0,15-3-2015,
27,0,15-3-2015,
28,8,15-3-2015,
29,21,15-3-2015,
30,24,15-3-2015,
31,23,15-3-2015,
32,16,15-3-2015,
34,19,15-3-2015,
35,22,15-3-2015,
36,36,15-3-2015,
37,42,15-3-2015,
38,53,15-3-2015,
39,32,15-3-2015,
40,14,15-3-2015,
41,5,15-3-2015,
42,5,15-3-2015,
43,27,15-3-2015,
44,34,15-3-2015,
45,40,15-3-2015,
46,55,15-3-2015,
47,35,16-3-2015,
48,31,16-3-2015,
49,0,16-3-2015,
50,21,16-3-2015,
51,27,16-3-2015,
52,37,16-3-2015,
53,51,16-3-2015,
54,60,16-3-2015,
55,36,16-3-2015,
56,24,16-3-2015,
57,4,16-3-2015,
58,8,16-3-2015,
59,24,16-3-2015,
60,16,16-3-2015,
61,6,16-3-2015,
62,27,16-3-2015,
63,26,16-3-2015,
64,40,16-3-2015,
65,68,16-3-2015,
66,45,16-3-2015,
67,63,16-3-2015,
68,15,16-3-2015,
69,44,16-3-2015,
70,71,16-3-2015,
71,75,17-3-2015,
72,99,17-3-2015,
73,138,17-3-2015,
74,127,17-3-2015,
75,83,17-3-2015,
76,50,17-3-2015,
77,42,17-3-2015,
78,56,17-3-2015,
79,119,17-3-2015,
80,128,17-3-2015,
81,105,17-3-2015,
82,58,17-3-2015,
84,18,17-3-2015,
85,17,17-3-2015,
86,25,17-3-2015,
87,28,17-3-2015,
88,42,17-3-2015,
89,62,17-3-2015,
90,66,17-3-2015,
91,55,17-3-2015,
92,0,17-3-2015,
93,43,17-3-2015,
94,67,17-3-2015,
95,69,18-3-2015,
96,70,18-3-2015,
97,51,18-3-2015,
98,48,18-3-2015,
99,59,18-3-2015,
100,56,18-3-2015,
101,70,18-3-2015,
102,84,18-3-2015,
104,95,18-3-2015,
105,76,18-3-2015,
106,57,18-3-2015,
107,41,18-3-2015,
109,17,18-3-2015,
110,14,18-3-2015,
111,19,18-3-2015,
112,42,18-3-2015,
113,66,18-3-2015,
114,41,18-3-2015,
115,42,18-3-2015,
116,14,18-3-2015,
117,77,18-3-2015,
118,78,18-3-2015,
119,143,19-3-2015,
120,106,19-3-2015,
124,83,19-3-2015,
125,78,19-3-2015,
126,91,19-3-2015,
127,99,19-3-2015,
128,80,19-3-2015,
129,62,19-3-2015,
130,34,19-3-2015,
131,26,19-3-2015,
132,0,19-3-2015,
133,26,19-3-2015,
134,29,19-3-2015,
135,26,19-3-2015,
136,46,19-3-2015,
137,64,19-3-2015,
138,95,19-3-2015,
139,58,19-3-2015,
140,140,19-3-2015,
141,251,19-3-2015,
142,197,19-3-2015,
143,233,20-3-2015,
0,178,20-3-2015,
1,141,20-3-2015,
2,205,20-3-2015,
3,156,20-3-2015,
4,155,20-3-2015,
5,130,20-3-2015,
6,129,20-3-2015,
7,121,20-3-2015,
8,105,20-3-2015,
9,77,20-3-2015,
10,59,20-3-2015,
12,34,20-3-2015,
13,24,20-3-2015,
14,33,20-3-2015,
15,31,20-3-2015,
16,55,20-3-2015,
17,24,20-3-2015,
18,40,20-3-2015,
19,83,20-3-2015,
20,110,20-3-2015,
21,124,20-3-2015,
22,152,20-3-2015,
23,163,21-3-2015,
24,183,21-3-2015,
25,194,21-3-2015,
26,144,21-3-2015,
27,139,21-3-2015,
28,157,21-3-2015,
29,172,21-3-2015,
30,175,21-3-2015,
31,193,21-3-2015,
32,169,21-3-2015,
33,130,21-3-2015,
34,78,21-3-2015,
35,81,21-3-2015,
36,33,21-3-2015,
37,38,21-3-2015,
38,41,21-3-2015,
39,32,21-3-2015,
40,44,21-3-2015,
41,62,21-3-2015,
42,85,21-3-2015,
43,88,21-3-2015,
44,41,21-3-2015,
45,60,21-3-2015,
46,91,21-3-2015,
47,90,22-3-2015,
48,86,22-3-2015,
49,136,22-3-2015,
50,86,22-3-2015,
51,91,22-3-2015,
52,74,22-3-2015,
53,89,22-3-2015,
54,129,22-3-2015,
55,134,22-3-2015,
56,160,22-3-2015,
57,157,22-3-2015,
58,73,22-3-2015,
59,60,22-3-2015,
60,19,22-3-2015,
61,56,22-3-2015,
79,109,23-3-2015,
83,33,23-3-2015,
84,25,23-3-2015,
85,22,23-3-2015,
86,26,23-3-2015,
87,36,23-3-2015,
91,73,23-3-2015,
92,62,23-3-2015,
93,125,23-3-2015,
95,169,24-3-2015,
96,178,24-3-2015,
97,212,24-3-2015,
99,105,24-3-2015,
100,102,24-3-2015,
101,104,24-3-2015,
103,100,24-3-2015,
104,114,24-3-2015,
105,101,24-3-2015,
106,39,24-3-2015,
107,32,24-3-2015,
108,14,24-3-2015,
109,10,24-3-2015,
110,29,24-3-2015,
111,35,24-3-2015,
112,50,24-3-2015,
113,64,24-3-2015,
114,44,24-3-2015,
115,142,24-3-2015,
116,218,24-3-2015,
117,248,24-3-2015,
118,199,24-3-2015,
119,229,25-3-2015,
120,217,25-3-2015,
121,191,25-3-2015,
122,158,25-3-2015,
123,176,25-3-2015,
124,143,25-3-2015,
125,143,25-3-2015,
126,213,25-3-2015,
127,214,25-3-2015,
128,244,25-3-2015,
129,160,25-3-2015,
130,122,25-3-2015,
131,104,25-3-2015,
132,48,25-3-2015,
133,60,25-3-2015,
134,84,25-3-2015,
135,81,25-3-2015,
136,86,25-3-2015,
137,99,25-3-2015,
138,111,25-3-2015,
139,284,25-3-2015,
140,100,25-3-2015,
141,186,25-3-2015,
142,202,25-3-2015,
143,221,26-3-2015,
24,18,30-3-2015,
25,30,30-3-2015,
26,47,30-3-2015,
27,77,30-3-2015,
28,27,30-3-2015,
29,22,30-3-2015,
32,16,30-3-2015,
33,18,30-3-2015,
34,37,30-3-2015,
35,83,30-3-2015,
36,31,30-3-2015,
37,27,30-3-2015,
38,0,30-3-2015,
39,0,30-3-2015,
40,24,30-3-2015,
41,28,31-3-2015,
42,49,31-3-2015,
43,63,31-3-2015,
44,20,31-3-2015,
45,31,31-3-2015,
50,70,31-3-2015,
51,110,31-3-2015,
52,54,31-3-2015,
53,51,31-3-2015,
54,19,31-3-2015,
55,20,31-3-2015,
56,46,31-3-2015,
57,41,31-3-2015,
58,67,31-3-2015,
59,62,31-3-2015,
60,81,31-3-2015,
61,77,31-3-2015,
62,31,31-3-2015,
63,117,31-3-2015,
64,142,31-3-2015,
65,150,1-4-2015,
0,152,1-4-2015,
1,158,1-4-2015,
2,146,1-4-2015,
3,160,1-4-2015,
4,118,1-4-2015,
5,120,1-4-2015,
6,169,1-4-2015,
7,191,1-4-2015,
8,137,1-4-2015,
9,68,1-4-2015,
13,30,1-4-2015,
14,33,1-4-2015,
15,35,1-4-2015,
16,72,1-4-2015,
17,78,1-4-2015,
18,44,1-4-2015,
19,88,1-4-2015,
20,94,1-4-2015,
21,158,1-4-2015,
22,140,1-4-2015,
23,138,2-4-2015,
24,123,2-4-2015,
25,136,2-4-2015,
26,62,2-4-2015,
27,57,2-4-2015,
28,39,2-4-2015,
29,26,2-4-2015,
30,79,2-4-2015,
31,91,2-4-2015,
32,107,2-4-2015,
33,104,2-4-2015,
34,38,2-4-2015,
35,38,2-4-2015,
36,4,2-4-2015,
37,38,2-4-2015,
38,49,2-4-2015,
39,74,2-4-2015,
40,65,2-4-2015,
41,89,2-4-2015,
42,79,2-4-2015,
43,63,2-4-2015,
44,25,2-4-2015,
45,68,2-4-2015,
46,65,2-4-2015,
47,11,3-4-2015,
48,33,3-4-2015,
49,82,3-4-2015,
50,13,3-4-2015,
51,23,3-4-2015,
52,0,3-4-2015,
53,1,3-4-2015,
65,82,3-4-2015,
66,78,3-4-2015,
67,66,3-4-2015,
68,48,3-4-2015,
69,5,3-4-2015,
70,56,3-4-2015,
71,60,4-4-2015,
72,99,4-4-2015,
73,70,4-4-2015,
74,24,4-4-2015,
75,4,4-4-2015,
76,0,4-4-2015,
77,0,4-4-2015,
79,14,4-4-2015,
80,50,4-4-2015,
81,64,4-4-2015,
82,38,4-4-2015,
83,36,4-4-2015,
84,0,4-4-2015,
86,32,4-4-2015,
87,33,4-4-2015,
88,47,4-4-2015,
89,94,4-4-2015,
90,5,4-4-2015,
91,46,4-4-2015,
92,51,4-4-2015,
93,99,4-4-2015,
94,48,4-4-2015,
95,57,5-4-2015,
96,80,5-4-2015,
97,79,5-4-2015,
98,52,5-4-2015,
99,47,5-4-2015,
100,16,5-4-2015,
101,29,5-4-2015,
102,33,5-4-2015,
103,105,5-4-2015,
104,86,5-4-2015,
105,99,5-4-2015,
106,62,5-4-2015,
107,56,5-4-2015,
108,0,5-4-2015,
109,35,5-4-2015,
110,44,5-4-2015,
111,53,5-4-2015,
112,83,5-4-2015,
113,98,5-4-2015,
114,102,5-4-2015,
115,194,5-4-2015,
116,132,5-4-2015,
117,122,5-4-2015,
118,190,5-4-2015,
120,208,6-4-2015,
121,150,6-4-2015,
122,136,6-4-2015,
123,138,6-4-2015,
124,124,6-4-2015,
125,123,6-4-2015,
126,120,6-4-2015,
127,183,6-4-2015,
128,246,6-4-2015,
129,126,6-4-2015,
130,93,6-4-2015,
131,52,6-4-2015,
132,36,6-4-2015,
134,51,6-4-2015,
135,34,6-4-2015,
136,37,6-4-2015,
137,35,6-4-2015,
138,39,6-4-2015,
139,86,6-4-2015,
141,114,6-4-2015,
142,65,6-4-2015,
0,113,7-4-2015,
1,153,7-4-2015,
2,98,7-4-2015,
3,87,7-4-2015,
4,5,7-4-2015,
5,15,7-4-2015,
6,21,7-4-2015,
7,39,7-4-2015,
8,66,7-4-2015,
9,48,7-4-2015,
10,27,7-4-2015,
11,15,7-4-2015,
12,8,7-4-2015,
13,34,7-4-2015,
14,51,7-4-2015,
15,58,7-4-2015,
16,64,7-4-2015,
17,122,7-4-2015,
18,73,7-4-2015,
19,62,7-4-2015,
20,37,7-4-2015,
21,38,7-4-2015,
22,110,7-4-2015,
23,121,8-4-2015,
24,108,8-4-2015,
25,141,8-4-2015,
26,145,8-4-2015,
27,146,8-4-2015,
28,96,8-4-2015,
29,83,8-4-2015,
30,131,8-4-2015,
31,157,8-4-2015,
32,162,8-4-2015,
33,121,8-4-2015,
34,75,8-4-2015,
35,68,8-4-2015,
36,33,8-4-2015,
37,48,8-4-2015,
38,40,8-4-2015,
39,40,8-4-2015,
40,40,8-4-2015,
41,47,8-4-2015,
42,28,8-4-2015,
43,61,8-4-2015,
44,70,8-4-2015,
45,56,8-4-2015,
46,72,8-4-2015,
47,73,9-4-2015,
48,86,9-4-2015,
49,124,9-4-2015,
50,75,9-4-2015,
51,57,9-4-2015,
52,37,9-4-2015,
53,77,9-4-2015,
54,112,9-4-2015,
55,142,9-4-2015,
56,73,9-4-2015,
57,117,9-4-2015,
58,40,9-4-2015,
59,27,9-4-2015,
60,0,9-4-2015,
61,26,9-4-2015,
62,20,9-4-2015,
64,37,9-4-2015,
65,53,9-4-2015,
66,37,9-4-2015,
67,48,9-4-2015,
68,40,9-4-2015,
69,80,9-4-2015,
70,91,9-4-2015,
71,126,10-4-2015,
72,127,10-4-2015,
73,188,10-4-2015,
74,139,10-4-2015,
75,104,10-4-2015,
76,80,10-4-2015,
77,83,10-4-2015,
78,128,10-4-2015,
79,188,10-4-2015,
80,179,10-4-2015,
81,152,10-4-2015,
82,69,10-4-2015,
83,50,10-4-2015,
84,0,10-4-2015,
85,56,10-4-2015,
86,35,10-4-2015,
88,39,10-4-2015,
89,61,10-4-2015,
90,65,10-4-2015,
91,80,10-4-2015,
92,112,10-4-2015,
93,240,10-4-2015,
94,253,10-4-2015,
95,181,11-4-2015,
96,199,11-4-2015,
97,245,11-4-2015,
98,177,11-4-2015,
99,140,11-4-2015,
100,96,11-4-2015,
101,107,11-4-2015,
102,140,11-4-2015,
103,190,11-4-2015,
104,166,11-4-2015,
105,89,11-4-2015,
106,41,11-4-2015,
107,38,11-4-2015,
108,17,11-4-2015,
109,20,11-4-2015,
110,98,11-4-2015,
111,81,11-4-2015,
112,60,11-4-2015,
113,93,11-4-2015,
114,60,11-4-2015,
115,63,11-4-2015,
116,58,11-4-2015,
117,150,11-4-2015,
118,35,11-4-2015,
119,32,12-4-2015,
120,42,12-4-2015,
121,103,12-4-2015,
122,73,12-4-2015,
123,27,12-4-2015,
124,12,12-4-2015,
125,12,12-4-2015,
126,27,12-4-2015,
127,43,12-4-2015,
128,68,12-4-2015,
129,101,12-4-2015,
130,48,12-4-2015,
131,41,12-4-2015,
132,21,12-4-2015,
133,20,12-4-2015,
137,56,12-4-2015,
138,76,12-4-2015,
139,93,12-4-2015,
140,48,12-4-2015,
141,26,12-4-2015,
142,54,12-4-2015,
143,79,13-4-2015,
0,101,13-4-2015,
1,109,13-4-2015,
2,81,13-4-2015,
3,65,13-4-2015,
4,39,13-4-2015,
5,32,13-4-2015,
6,97,13-4-2015,
7,89,13-4-2015,
8,87,13-4-2015,
9,87,13-4-2015,
10,51,13-4-2015,
11,42,13-4-2015,
12,6,13-4-2015,
14,37,13-4-2015,
15,41,13-4-2015,
16,57,13-4-2015,
17,78,13-4-2015,
18,75,13-4-2015,
19,43,13-4-2015,
20,26,13-4-2015,
21,57,13-4-2015,
22,86,13-4-2015,
23,77,14-4-2015,
24,90,14-4-2015,
25,108,14-4-2015,
26,72,14-4-2015,
27,78,14-4-2015,
28,52,14-4-2015,
29,48,14-4-2015,
30,91,14-4-2015,
31,69,14-4-2015,
32,63,14-4-2015,
33,88,14-4-2015,
34,38,14-4-2015,
35,44,14-4-2015,
36,17,14-4-2015,
37,0,14-4-2015,
38,20,14-4-2015,
39,32,14-4-2015,
40,53,14-4-2015,
41,11,14-4-2015,
42,50,14-4-2015,
43,88,14-4-2015,
44,187,14-4-2015,
45,63,14-4-2015,
46,88,14-4-2015,
47,126,15-4-2015,
48,106,15-4-2015,
54,126,15-4-2015,
55,45,15-4-2015,
56,75,15-4-2015,
57,85,15-4-2015,
58,47,15-4-2015,
59,43,15-4-2015,
60,35,15-4-2015,
61,49,15-4-2015,
62,43,15-4-2015,
63,42,15-4-2015,
64,73,15-4-2015,
65,61,15-4-2015,
66,40,15-4-2015,
67,42,15-4-2015,
68,30,15-4-2015,
69,54,15-4-2015,
70,102,15-4-2015,
71,123,16-4-2015,
72,98,16-4-2015,
73,119,16-4-2015,
74,135,16-4-2015,
75,69,16-4-2015,
76,23,16-4-2015,
77,54,16-4-2015,
78,159,16-4-2015,
79,95,16-4-2015,
81,66,16-4-2015,
83,60,16-4-2015,
84,6,16-4-2015,
85,37,16-4-2015,
86,17,16-4-2015,
87,24,16-4-2015,
88,48,16-4-2015,
89,62,16-4-2015,
90,60,16-4-2015,
91,35,16-4-2015,
92,12,16-4-2015,
93,21,16-4-2015,
94,55,16-4-2015,
95,46,17-4-2015,
96,96,17-4-2015,
97,93,17-4-2015,
98,88,17-4-2015,
99,73,17-4-2015,
100,47,17-4-2015,
101,20,17-4-2015,
102,58,17-4-2015,
103,58,17-4-2015,
104,90,17-4-2015,
105,119,17-4-2015,
106,59,17-4-2015,
107,42,17-4-2015,
108,5,17-4-2015,
109,23,17-4-2015,
110,28,17-4-2015,
111,31,17-4-2015,
112,64,17-4-2015,
113,92,17-4-2015,
114,89,17-4-2015,
115,71,17-4-2015,
116,98,17-4-2015,
117,119,17-4-2015,
118,121,17-4-2015,
119,146,18-4-2015,
120,141,18-4-2015,
121,177,18-4-2015,
122,88,18-4-2015,
124,130,18-4-2015,
125,171,18-4-2015,
126,217,18-4-2015,
127,200,18-4-2015,
128,181,18-4-2015,
129,116,18-4-2015,
130,99,18-4-2015,
132,45,18-4-2015,
134,64,18-4-2015,
135,985,18-4-2015,
136,985,18-4-2015,
139,211,18-4-2015,
140,108,18-4-2015,
141,152,18-4-2015,
142,132,18-4-2015,
143,151,19-4-2015,
0,196,19-4-2015,
1,168,19-4-2015,
2,166,19-4-2015,
3,136,19-4-2015,
4,114,19-4-2015,
5,101,19-4-2015,
16,96,19-4-2015,
17,58,19-4-2015,
18,69,19-4-2015,
19,155,19-4-2015,
20,300,19-4-2015,
21,236,19-4-2015,
22,189,19-4-2015,
23,134,20-4-2015,
24,132,20-4-2015,
25,134,20-4-2015,
26,110,20-4-2015,
27,105,20-4-2015,
28,78,20-4-2015,
29,96,20-4-2015,
30,103,20-4-2015,
31,133,20-4-2015,
32,175,20-4-2015,
33,185,20-4-2015,
34,328,20-4-2015,
35,149,20-4-2015,
36,114,20-4-2015,
37,79,20-4-2015,
38,96,20-4-2015,
40,110,20-4-2015,
41,93,20-4-2015,
42,98,20-4-2015,
43,81,20-4-2015,
44,95,20-4-2015,
45,80,20-4-2015,
46,131,20-4-2015,
47,103,21-4-2015,
48,126,21-4-2015,
49,98,21-4-2015,
50,93,21-4-2015,
51,109,21-4-2015,
52,104,21-4-2015,
53,115,21-4-2015,
54,114,21-4-2015,
55,180,21-4-2015,
56,198,21-4-2015,
57,229,21-4-2015,
58,120,21-4-2015,
59,86,21-4-2015,
60,48,21-4-2015,
61,40,21-4-2015,
62,94,21-4-2015,
63,103,21-4-2015,
64,208,21-4-2015,
65,55,21-4-2015,
66,41,21-4-2015,
67,70,21-4-2015,
68,66,21-4-2015,
69,70,21-4-2015,
70,111,21-4-2015,
71,145,22-4-2015,
72,128,22-4-2015,
73,138,22-4-2015,
74,134,22-4-2015,
75,143,22-4-2015,
76,96,22-4-2015,
77,92,22-4-2015,
78,149,22-4-2015,
79,188,22-4-2015,
80,155,22-4-2015,
81,140,22-4-2015,
82,112,22-4-2015,
83,76,22-4-2015,
86,44,22-4-2015,
87,70,22-4-2015,
88,55,22-4-2015,
89,46,22-4-2015,
90,54,22-4-2015,
91,68,22-4-2015,
92,50,22-4-2015,
93,82,22-4-2015,
94,89,22-4-2015,
95,102,23-4-2015,
96,105,23-4-2015,
97,168,23-4-2015,
98,115,23-4-2015,
99,116,23-4-2015,
100,98,23-4-2015,
101,82,23-4-2015,
102,131,23-4-2015,
103,183,23-4-2015,
104,196,23-4-2015,
105,222,23-4-2015,
106,170,23-4-2015,
107,106,23-4-2015,
108,64,23-4-2015,
109,47,23-4-2015,
110,84,23-4-2015,
112,73,23-4-2015,
113,77,23-4-2015,
114,80,23-4-2015,
115,143,23-4-2015,
116,370,23-4-2015,
117,376,23-4-2015,
118,164,23-4-2015,
119,200,24-4-2015,
120,208,24-4-2015,
121,198,24-4-2015,
122,173,24-4-2015,
123,153,24-4-2015,
124,111,24-4-2015,
125,98,24-4-2015,
126,167,24-4-2015,
127,203,24-4-2015,
128,219,24-4-2015,
129,137,24-4-2015,
130,129,24-4-2015,
132,25,24-4-2015,
133,46,24-4-2015,
134,67,24-4-2015,
135,80,24-4-2015,
136,102,24-4-2015,
137,87,24-4-2015,
138,102,24-4-2015,
139,138,24-4-2015,
140,195,24-4-2015,
141,197,24-4-2015,
142,187,24-4-2015,
143,142,25-4-2015,
0,177,25-4-2015,
2,109,25-4-2015,
3,105,25-4-2015,
4,72,25-4-2015,
5,90,25-4-2015,
6,159,25-4-2015,
7,149,25-4-2015,
8,94,25-4-2015,
9,105,25-4-2015,
10,75,25-4-2015,
11,73,25-4-2015,
12,70,25-4-2015,
13,65,25-4-2015,
14,64,25-4-2015,
15,59,25-4-2015,
16,76,25-4-2015,
17,57,25-4-2015,
18,49,25-4-2015,
19,83,25-4-2015,
20,78,25-4-2015,
21,71,25-4-2015,
22,49,25-4-2015,
23,48,26-4-2015,
24,82,26-4-2015,
25,79,26-4-2015,
26,49,26-4-2015,
27,27,26-4-2015,
28,0,26-4-2015,
29,0,26-4-2015,
30,8,26-4-2015,
31,34,26-4-2015,
32,50,26-4-2015,
33,69,26-4-2015,
34,49,26-4-2015,
35,56,26-4-2015,
36,46,26-4-2015,
37,26,26-4-2015,
38,51,26-4-2015,
39,81,26-4-2015,
40,56,26-4-2015,
41,60,26-4-2015,
42,83,26-4-2015,
43,65,26-4-2015,
44,46,26-4-2015,
45,72,26-4-2015,
46,71,26-4-2015,
47,65,27-4-2015,
48,69,27-4-2015,
49,115,27-4-2015,
50,52,27-4-2015,
51,54,27-4-2015,
52,37,27-4-2015,
53,31,27-4-2015,
54,52,27-4-2015,
55,46,27-4-2015,
56,93,27-4-2015,
57,71,27-4-2015,
58,64,27-4-2015,
59,71,27-4-2015,
60,51,27-4-2015,
61,51,27-4-2015,
62,65,27-4-2015,
63,66,27-4-2015,
64,79,27-4-2015,
65,75,27-4-2015,
66,74,27-4-2015,
82,65,28-4-2015,
83,57,28-4-2015,
84,70,28-4-2015,
85,59,28-4-2015,
86,65,28-4-2015,
87,75,28-4-2015,
88,67,28-4-2015,
89,76,28-4-2015,
90,73,28-4-2015,
91,69,28-4-2015,
92,62,28-4-2015,
93,16,28-4-2015,
96,48,29-4-2015,
97,63,29-4-2015,
98,99,29-4-2015,
99,53,29-4-2015,
100,33,29-4-2015,
101,46,29-4-2015,
102,59,29-4-2015,
103,71,29-4-2015,
104,67,29-4-2015,
105,58,29-4-2015,
106,54,29-4-2015,
107,47,29-4-2015,
108,54,29-4-2015,
109,72,29-4-2015,
110,55,29-4-2015,
111,71,29-4-2015,
112,77,29-4-2015,
113,50,29-4-2015,
114,69,29-4-2015,
115,63,29-4-2015,
116,44,29-4-2015,
117,32,29-4-2015,
118,70,29-4-2015,
119,57,30-4-2015,
120,70,30-4-2015,
121,55,30-4-2015,
122,78,30-4-2015,
123,54,30-4-2015,
124,34,30-4-2015,
125,50,30-4-2015,
126,81,30-4-2015,
127,104,30-4-2015,
128,104,30-4-2015,
129,113,30-4-2015,
130,83,30-4-2015,
131,52,30-4-2015,
132,48,30-4-2015,
133,39,30-4-2015,
134,51,30-4-2015,
135,45,30-4-2015,
136,79,30-4-2015,
137,48,30-4-2015,
138,71,30-4-2015,
139,55,30-4-2015,
140,56,30-4-2015,
141,41,30-4-2015,
142,49,30-4-2015,
143,73,1-5-2015,
0,96,1-5-2015,
1,86,1-5-2015,
2,73,1-5-2015,
3,72,1-5-2015,
4,15,1-5-2015,
5,10,1-5-2015,
6,31,1-5-2015,
7,52,1-5-2015,
8,47,1-5-2015,
9,92,1-5-2015,
10,61,1-5-2015,
11,67,1-5-2015,
12,42,1-5-2015,
13,40,1-5-2015,
14,48,1-5-2015,
15,47,1-5-2015,
16,91,1-5-2015,
17,56,1-5-2015,
18,76,1-5-2015,
19,67,1-5-2015,
20,65,1-5-2015,
21,92,1-5-2015,
22,90,1-5-2015,
23,155,2-5-2015,
24,126,2-5-2015,
25,90,2-5-2015,
26,59,2-5-2015,
27,48,2-5-2015,
28,22,2-5-2015,
29,0,2-5-2015,
30,40,2-5-2015,
31,30,2-5-2015,
32,85,2-5-2015,
33,53,2-5-2015,
34,51,2-5-2015,
35,40,2-5-2015,
36,33,2-5-2015,
37,28,2-5-2015,
38,38,2-5-2015,
39,48,2-5-2015,
40,68,2-5-2015,
41,51,2-5-2015,
42,61,2-5-2015,
43,85,2-5-2015,
44,68,2-5-2015,
45,241,2-5-2015,
46,241,2-5-2015,
47,198,3-5-2015,
48,236,3-5-2015,
49,225,3-5-2015,
50,203,3-5-2015,
51,188,3-5-2015,
52,156,3-5-2015,
53,147,3-5-2015,
54,170,3-5-2015,
55,270,3-5-2015,
56,209,3-5-2015,
57,131,3-5-2015,
58,118,3-5-2015,
59,77,3-5-2015,
60,41,3-5-2015,
61,45,3-5-2015,
62,56,3-5-2015,
63,60,3-5-2015,
64,106,3-5-2015,
65,75,3-5-2015,
66,95,3-5-2015,
67,103,3-5-2015,
68,153,3-5-2015,
69,138,3-5-2015,
70,149,3-5-2015,
71,182,4-5-2015,
72,164,4-5-2015,
73,143,4-5-2015,
74,108,4-5-2015,
75,81,4-5-2015,
76,87,4-5-2015,
77,63,4-5-2015,
78,91,4-5-2015,
79,151,4-5-2015,
80,167,4-5-2015,
81,99,4-5-2015,
82,64,4-5-2015,
83,40,4-5-2015,
84,94,4-5-2015,
85,59,4-5-2015,
86,83,4-5-2015,
87,67,4-5-2015,
88,85,4-5-2015,
89,76,4-5-2015,
90,87,4-5-2015,
91,122,4-5-2015,
92,201,4-5-2015,
93,241,4-5-2015,
94,241,4-5-2015,
95,162,5-5-2015,
96,174,5-5-2015,
97,169,5-5-2015,
98,154,5-5-2015,
99,134,5-5-2015,
100,88,5-5-2015,
101,111,5-5-2015,
102,183,5-5-2015,
103,213,5-5-2015,
104,243,5-5-2015,
105,113,5-5-2015,
107,74,5-5-2015,
108,63,5-5-2015,
109,60,5-5-2015,
110,80,5-5-2015,
111,65,5-5-2015,
113,89,5-5-2015,
114,99,5-5-2015,
115,158,5-5-2015,
116,203,5-5-2015,
117,161,5-5-2015,
118,202,5-5-2015,
119,201,6-5-2015,
120,256,6-5-2015,
121,335,6-5-2015,
122,377,6-5-2015,
123,190,6-5-2015,
124,139,6-5-2015,
125,192,6-5-2015,
126,160,6-5-2015,
127,100,6-5-2015,
128,149,6-5-2015,
129,117,6-5-2015,
130,96,6-5-2015,
132,80,6-5-2015,
133,73,6-5-2015,
134,65,6-5-2015,
135,68,6-5-2015,
136,62,6-5-2015,
137,48,6-5-2015,
138,41,6-5-2015,
139,156,6-5-2015,
140,225,6-5-2015,
141,157,6-5-2015,
142,224,6-5-2015,
0,169,7-5-2015,
1,186,7-5-2015,
2,213,7-5-2015,
3,122,7-5-2015,
4,58,7-5-2015,
5,47,7-5-2015,
6,39,7-5-2015,
7,65,7-5-2015,
8,91,7-5-2015,
9,110,7-5-2015,
10,105,7-5-2015,
11,94,7-5-2015,
12,127,7-5-2015,
13,134,7-5-2015,
14,86,7-5-2015,
15,67,7-5-2015,
16,43,7-5-2015,
17,43,7-5-2015,
18,37,7-5-2015,
28,81,8-5-2015,
29,108,8-5-2015,
30,156,8-5-2015,
31,150,8-5-2015,
32,118,8-5-2015,
33,102,8-5-2015,
34,113,8-5-2015,
35,93,8-5-2015,
36,77,8-5-2015,
37,90,8-5-2015,
38,90,8-5-2015,
39,77,8-5-2015,
40,89,8-5-2015,
41,83,8-5-2015,
42,71,8-5-2015,
43,84,8-5-2015,
44,105,8-5-2015,
45,204,8-5-2015,
46,168,8-5-2015,
47,162,9-5-2015,
48,172,9-5-2015,
49,165,9-5-2015,
50,140,9-5-2015,
51,98,9-5-2015,
52,54,9-5-2015,
53,81,9-5-2015,
54,93,9-5-2015,
55,100,9-5-2015,
56,115,9-5-2015,
57,126,9-5-2015,
58,113,9-5-2015,
59,105,9-5-2015,
60,90,9-5-2015,
61,101,9-5-2015,
62,66,9-5-2015,
63,64,9-5-2015,
64,54,9-5-2015,
65,53,9-5-2015,
66,58,9-5-2015,
67,79,9-5-2015,
68,125,9-5-2015,
69,98,9-5-2015,
70,206,9-5-2015,
71,118,10-5-2015,
72,124,10-5-2015,
73,141,10-5-2015,
74,60,10-5-2015,
75,60,10-5-2015,
76,85,10-5-2015,
77,78,10-5-2015,
78,137,10-5-2015,
79,123,10-5-2015,
80,90,10-5-2015,
81,133,10-5-2015,
82,145,10-5-2015,
83,123,10-5-2015,
84,120,10-5-2015,
85,96,10-5-2015,
86,109,10-5-2015,
87,61,10-5-2015,
88,69,10-5-2015,
89,61,10-5-2015,
90,89,10-5-2015,
91,126,10-5-2015,
92,135,10-5-2015,
93,142,10-5-2015,
94,141,10-5-2015,
95,342,11-5-2015,
96,204,11-5-2015,
97,199,11-5-2015,
98,141,11-5-2015,
99,130,11-5-2015,
100,108,11-5-2015,
101,132,11-5-2015,
102,42,11-5-2015,
103,40,11-5-2015,
104,38,11-5-2015,
105,102,11-5-2015,
108,154,11-5-2015,
110,101,11-5-2015,
111,167,11-5-2015,
112,102,11-5-2015,
114,94,11-5-2015,
115,147,11-5-2015,
116,229,11-5-2015,
117,184,11-5-2015,
118,133,11-5-2015,
119,102,12-5-2015,
120,66,12-5-2015,
121,147,12-5-2015,
122,175,12-5-2015,
123,179,12-5-2015,
124,187,12-5-2015,
125,173,12-5-2015,
126,174,12-5-2015,
127,199,12-5-2015,
128,220,12-5-2015,
129,117,12-5-2015,
130,191,12-5-2015,
131,93,12-5-2015,
132,117,12-5-2015,
133,112,12-5-2015,
134,115,12-5-2015,
135,77,12-5-2015,
136,73,12-5-2015,
137,66,12-5-2015,
138,70,12-5-2015,
139,68,12-5-2015,
140,135,12-5-2015,
141,75,12-5-2015,
142,80,12-5-2015,
143,85,13-5-2015,
0,91,13-5-2015,
1,107,13-5-2015,
2,87,13-5-2015,
3,89,13-5-2015,
4,151,13-5-2015,
5,140,13-5-2015,
6,108,13-5-2015,
7,143,13-5-2015,
11,166,13-5-2015,
12,42,13-5-2015,
13,52,13-5-2015,
14,47,13-5-2015,
15,46,13-5-2015,
16,52,13-5-2015,
17,66,13-5-2015,
18,39,13-5-2015,
19,56,13-5-2015,
20,49,13-5-2015,
21,77,13-5-2015,
22,72,13-5-2015,
23,61,14-5-2015,
24,69,14-5-2015,
25,59,14-5-2015,
26,79,14-5-2015,
27,88,14-5-2015,
28,93,14-5-2015,
29,106,14-5-2015,
30,140,14-5-2015,
31,127,14-5-2015,
32,97,14-5-2015,
33,91,14-5-2015,
34,94,14-5-2015,
35,78,14-5-2015,
36,45,14-5-2015,
37,60,14-5-2015,
38,57,14-5-2015,
39,63,14-5-2015,
40,52,14-5-2015,
41,34,14-5-2015,
42,47,14-5-2015,
43,102,14-5-2015,
44,172,14-5-2015,
45,236,14-5-2015,
46,243,14-5-2015,
47,186,15-5-2015,
48,194,15-5-2015,
49,121,15-5-2015,
50,138,15-5-2015,
51,119,15-5-2015,
52,130,15-5-2015,
53,249,15-5-2015,
54,332,15-5-2015,
55,214,15-5-2015,
56,153,15-5-2015,
57,102,15-5-2015,
58,79,15-5-2015,
59,92,15-5-2015,
61,56,15-5-2015,
62,22,15-5-2015,
63,7,15-5-2015,
64,10,15-5-2015,
65,47,15-5-2015,
66,49,15-5-2015,
67,44,15-5-2015,
68,66,15-5-2015,
69,66,15-5-2015,
70,43,15-5-2015,
71,64,16-5-2015,
72,93,16-5-2015,
73,76,16-5-2015,
74,89,16-5-2015,
75,96,16-5-2015,
76,103,16-5-2015,
77,117,16-5-2015,
78,124,16-5-2015,
79,103,16-5-2015,
80,135,16-5-2015,
83,105,16-5-2015,
84,89,16-5-2015,
85,93,16-5-2015,
86,113,16-5-2015,
87,124,16-5-2015,
88,81,16-5-2015,
89,51,16-5-2015,
90,57,16-5-2015,
91,68,16-5-2015,
92,96,16-5-2015,
93,103,16-5-2015,
94,125,16-5-2015,
95,154,17-5-2015,
96,140,17-5-2015,
97,142,17-5-2015,
98,107,17-5-2015,
99,126,17-5-2015,
100,163,17-5-2015,
101,180,17-5-2015,
102,216,17-5-2015,
103,124,17-5-2015,
104,81,17-5-2015,
105,55,17-5-2015,
106,49,17-5-2015,
107,269,17-5-2015,
108,58,17-5-2015,
109,44,17-5-2015,
111,45,17-5-2015,
112,38,17-5-2015,
113,57,17-5-2015,
114,65,17-5-2015,
115,65,17-5-2015,
116,92,17-5-2015,
117,76,17-5-2015,
118,62,17-5-2015,
119,59,18-5-2015,
120,66,18-5-2015,
121,66,18-5-2015,
122,49,18-5-2015,
123,61,18-5-2015,
124,56,18-5-2015,
125,84,18-5-2015,
126,81,18-5-2015,
127,77,18-5-2015,
128,62,18-5-2015,
129,48,18-5-2015,
130,56,18-5-2015,
131,60,18-5-2015,
132,67,18-5-2015,
133,77,18-5-2015,
134,59,18-5-2015,
135,56,18-5-2015,
136,58,18-5-2015,
137,65,18-5-2015,
138,93,18-5-2015,
139,68,18-5-2015,
140,75,18-5-2015,
141,135,18-5-2015,
142,129,18-5-2015,
143,132,19-5-2015,
0,127,19-5-2015,
1,130,19-5-2015,
2,127,19-5-2015,
3,130,19-5-2015,
4,137,19-5-2015,
5,153,19-5-2015,
6,136,19-5-2015,
7,160,19-5-2015,
8,122,19-5-2015,
9,100,19-5-2015,
10,95,19-5-2015,
11,82,19-5-2015,
12,115,19-5-2015,
13,80,19-5-2015,
14,106,19-5-2015,
15,56,19-5-2015,
16,124,19-5-2015,
17,31,19-5-2015,
18,8,19-5-2015,
19,7,19-5-2015,
20,7,19-5-2015,
21,22,19-5-2015,
22,44,19-5-2015,
23,45,20-5-2015,
25,71,20-5-2015,
26,70,20-5-2015,
27,86,20-5-2015,
28,83,20-5-2015,
29,124,20-5-2015,
30,123,20-5-2015,
31,76,20-5-2015,
32,67,20-5-2015,
33,66,20-5-2015,
34,71,20-5-2015,
35,77,20-5-2015,
36,62,20-5-2015,
37,58,20-5-2015,
38,37,20-5-2015,
39,53,20-5-2015,
40,63,20-5-2015,
41,91,20-5-2015,
42,91,20-5-2015,
43,91,20-5-2015,
44,91,20-5-2015,
45,91,20-5-2015,
46,91,20-5-2015,
47,91,21-5-2015,
48,91,21-5-2015,
49,91,21-5-2015,
50,103,21-5-2015,
51,110,21-5-2015,
52,136,21-5-2015,
53,145,21-5-2015,
54,168,21-5-2015,
55,192,21-5-2015,
56,132,21-5-2015,
59,111,21-5-2015,
61,51,21-5-2015,
62,44,21-5-2015,
63,44,21-5-2015,
64,35,21-5-2015,
65,27,21-5-2015,
66,32,21-5-2015,
67,61,21-5-2015,
68,77,21-5-2015,
69,174,21-5-2015,
70,116,21-5-2015,
71,65,22-5-2015,
72,48,22-5-2015,
73,23,22-5-2015,
74,66,22-5-2015,
75,66,22-5-2015,
76,66,22-5-2015,
77,66,22-5-2015,
78,95,22-5-2015,
79,82,22-5-2015,
80,92,22-5-2015,
81,68,22-5-2015,
83,61,22-5-2015,
84,51,22-5-2015,
85,45,22-5-2015,
86,44,22-5-2015,
87,43,22-5-2015,
88,48,22-5-2015,
89,50,22-5-2015,
90,48,22-5-2015,
91,54,22-5-2015,
92,43,22-5-2015,
93,80,22-5-2015,
94,48,22-5-2015,
95,62,23-5-2015,
96,58,23-5-2015,
97,42,23-5-2015,
98,32,23-5-2015,
99,41,23-5-2015,
100,43,23-5-2015,
101,49,23-5-2015,
102,77,23-5-2015,
103,58,23-5-2015,
104,78,23-5-2015,
105,86,23-5-2015,
106,104,23-5-2015,
107,109,23-5-2015,
108,76,23-5-2015,
109,57,23-5-2015,
110,48,23-5-2015,
111,59,23-5-2015,
112,75,23-5-2015,
113,67,23-5-2015,
114,50,23-5-2015,
115,67,23-5-2015,
116,67,23-5-2015,
117,126,23-5-2015,
118,67,23-5-2015,
119,62,24-5-2015,
120,98,24-5-2015,
121,72,24-5-2015,
122,68,24-5-2015,
123,65,24-5-2015,
124,73,24-5-2015,
125,79,24-5-2015,
126,115,24-5-2015,
127,101,24-5-2015,
128,82,24-5-2015,
129,58,24-5-2015,
130,59,24-5-2015,
131,55,24-5-2015,
132,50,24-5-2015,
133,52,24-5-2015,
134,58,24-5-2015,
135,74,24-5-2015,
136,98,24-5-2015,
137,113,24-5-2015,
138,107,24-5-2015,
139,140,24-5-2015,
140,216,24-5-2015,
141,195,24-5-2015,
142,189,24-5-2015,
143,160,25-5-2015,
0,154,25-5-2015,
1,137,25-5-2015,
2,135,25-5-2015,
3,134,25-5-2015,
4,123,25-5-2015,
5,143,25-5-2015,
6,182,25-5-2015,
7,153,25-5-2015,
8,111,25-5-2015,
9,108,25-5-2015,
10,97,25-5-2015,
11,88,25-5-2015,
12,71,25-5-2015,
13,46,25-5-2015,
14,50,25-5-2015,
15,47,25-5-2015,
16,59,25-5-2015,
17,73,25-5-2015,
18,69,25-5-2015,
19,105,25-5-2015,
20,135,25-5-2015,
21,140,25-5-2015,
22,135,25-5-2015,
23,140,26-5-2015,
24,173,26-5-2015,
25,118,26-5-2015,
26,108,26-5-2015,
27,105,26-5-2015,
28,206,26-5-2015,
29,133,26-5-2015,
30,87,26-5-2015,
31,104,26-5-2015,
32,105,26-5-2015,
33,90,26-5-2015,
34,88,26-5-2015,
35,69,26-5-2015,
36,67,26-5-2015,
37,72,26-5-2015,
38,104,26-5-2015,
39,179,26-5-2015,
40,265,26-5-2015,
41,54,26-5-2015,
42,53,26-5-2015,
43,72,26-5-2015,
44,124,26-5-2015,
45,73,26-5-2015,
46,87,26-5-2015,
47,79,27-5-2015,
48,111,27-5-2015,
49,80,27-5-2015,
50,71,27-5-2015,
51,64,27-5-2015,
52,72,27-5-2015,
53,89,27-5-2015,
54,158,27-5-2015,
55,179,27-5-2015,
56,158,27-5-2015,
57,131,27-5-2015,
58,79,27-5-2015,
59,61,27-5-2015,
60,47,27-5-2015,
61,34,27-5-2015,
62,32,27-5-2015,
63,55,27-5-2015,
64,79,27-5-2015,
65,35,27-5-2015,
66,25,27-5-2015,
67,46,27-5-2015,
68,65,27-5-2015,
69,139,27-5-2015,
70,136,27-5-2015,
71,236,28-5-2015,
72,340,28-5-2015,
73,140,28-5-2015,
74,196,28-5-2015,
75,134,28-5-2015,
76,292,28-5-2015,
77,587,28-5-2015,
78,239,28-5-2015,
79,212,28-5-2015,
80,282,28-5-2015,
81,274,28-5-2015,
82,395,28-5-2015,
83,302,28-5-2015,
84,190,28-5-2015,
85,214,28-5-2015,
86,201,28-5-2015,
87,175,28-5-2015,
88,168,28-5-2015,
89,153,28-5-2015,
90,129,28-5-2015,
91,129,28-5-2015,
92,218,28-5-2015,
93,249,28-5-2015,
94,214,28-5-2015,
95,184,29-5-2015,
96,216,29-5-2015,
97,179,29-5-2015,
98,135,29-5-2015,
99,127,29-5-2015,
100,112,29-5-2015,
101,146,29-5-2015,
102,76,29-5-2015,
103,89,29-5-2015,
104,94,29-5-2015,
105,87,29-5-2015,
106,79,29-5-2015,
107,68,29-5-2015,
108,51,29-5-2015,
109,41,29-5-2015,
110,39,29-5-2015,
111,48,29-5-2015,
112,63,29-5-2015,
113,41,29-5-2015,
114,62,29-5-2015,
115,52,29-5-2015,
116,61,29-5-2015,
117,77,29-5-2015,
118,115,29-5-2015,
119,128,30-5-2015,
120,129,30-5-2015,
121,93,30-5-2015,
122,122,30-5-2015,
123,196,30-5-2015,
124,146,30-5-2015,
125,130,30-5-2015,
126,192,30-5-2015,
127,147,30-5-2015,
128,191,30-5-2015,
129,147,30-5-2015,
130,88,30-5-2015,
131,82,30-5-2015,
132,69,30-5-2015,
133,50,30-5-2015,
134,52,30-5-2015,
135,50,30-5-2015,
136,58,30-5-2015,
137,45,30-5-2015,
138,57,30-5-2015,
139,75,30-5-2015,
140,106,30-5-2015,
141,103,30-5-2015,
142,122,30-5-2015,
143,98,31-5-2015,
0,127,31-5-2015,
1,109,31-5-2015,
2,150,31-5-2015,
3,124,31-5-2015,
4,216,31-5-2015,
5,223,31-5-2015,
6,137,31-5-2015,
7,131,31-5-2015,
8,134,31-5-2015,
9,89,31-5-2015,
10,69,31-5-2015,
11,70,31-5-2015,
12,69,31-5-2015,
13,58,31-5-2015,
14,50,31-5-2015,
15,44,31-5-2015,
16,67,31-5-2015,
17,55,31-5-2015,
18,59,31-5-2015,
19,58,31-5-2015,
20,50,31-5-2015,
21,63,31-5-2015,
22,78,31-5-2015,
23,62,1-6-2015,
24,92,1-6-2015,
25,76,1-6-2015,
26,24,1-6-2015,
27,14,1-6-2015,
28,121,1-6-2015,
29,22,1-6-2015,
30,45,1-6-2015,
31,58,1-6-2015,
32,56,1-6-2015,
33,60,1-6-2015,
34,70,1-6-2015,
35,51,1-6-2015,
36,59,1-6-2015,
37,27,1-6-2015,
38,81,1-6-2015,
39,32,1-6-2015,
40,39,1-6-2015,
41,33,1-6-2015,
42,43,1-6-2015,
43,100,1-6-2015,
44,38,1-6-2015,
45,21,1-6-2015,
46,28,1-6-2015,
47,23,2-6-2015,
48,39,2-6-2015,
86,50,3-6-2015,
87,272,3-6-2015,
88,66,3-6-2015,
91,66,3-6-2015,
92,63,3-6-2015,
93,66,3-6-2015,
94,43,3-6-2015,
95,44,4-6-2015,
96,77,4-6-2015,
97,68,4-6-2015,
98,60,4-6-2015,
99,52,4-6-2015,
100,48,4-6-2015,
101,73,4-6-2015,
102,95,4-6-2015,
103,124,4-6-2015,
104,133,4-6-2015,
105,168,4-6-2015,
106,199,4-6-2015,
107,160,4-6-2015,
108,124,4-6-2015,
109,76,4-6-2015,
112,85,4-6-2015,
113,88,4-6-2015,
114,66,4-6-2015,
115,68,4-6-2015,
116,81,4-6-2015,
117,111,4-6-2015,
118,127,4-6-2015,
119,137,5-6-2015,
120,139,5-6-2015,
121,88,5-6-2015,
122,133,5-6-2015,
123,218,5-6-2015,
124,272,5-6-2015,
125,320,5-6-2015,
126,312,5-6-2015,
127,339,5-6-2015,
128,295,5-6-2015,
129,195,5-6-2015,
130,123,5-6-2015,
131,83,5-6-2015,
132,52,5-6-2015,
133,110,5-6-2015,
134,63,5-6-2015,
135,43,5-6-2015,
136,75,5-6-2015,
137,69,5-6-2015,
138,69,5-6-2015,
139,114,5-6-2015,
140,108,5-6-2015,
141,218,5-6-2015,
142,157,5-6-2015,
0,110,9-6-2015,
1,124,9-6-2015,
2,117,9-6-2015,
3,65,9-6-2015,
4,50,9-6-2015,
6,75,9-6-2015,
9,69,9-6-2015,
10,85,9-6-2015,
11,93,9-6-2015,
12,59,10-6-2015,
13,78,10-6-2015,
14,59,10-6-2015,
15,50,10-6-2015,
16,46,10-6-2015,
17,43,10-6-2015,
18,49,10-6-2015,
19,85,10-6-2015,
20,49,10-6-2015,
21,54,10-6-2015,
22,55,10-6-2015,
23,125,10-6-2015,
24,96,10-6-2015,
25,141,10-6-2015,
26,59,10-6-2015,
27,45,10-6-2015,
28,148,10-6-2015,
29,61,10-6-2015,
30,65,10-6-2015,
31,54,10-6-2015,
32,69,10-6-2015,
33,44,10-6-2015,
37,104,11-6-2015,
38,167,11-6-2015,
39,124,11-6-2015,
40,169,11-6-2015,
41,158,11-6-2015,
42,220,11-6-2015,
43,153,11-6-2015,
44,168,11-6-2015,
45,115,11-6-2015,
46,78,11-6-2015,
47,117,11-6-2015,
48,76,11-6-2015,
49,80,11-6-2015,
50,229,11-6-2015,
51,599,11-6-2015,
52,159,11-6-2015,
53,105,11-6-2015,
54,83,11-6-2015,
55,67,11-6-2015,
56,98,11-6-2015,
57,89,11-6-2015,
58,113,11-6-2015,
59,233,11-6-2015,
60,120,12-6-2015,
0,94,12-6-2015,
1,58,12-6-2015,
2,45,12-6-2015,
3,54,12-6-2015,
4,31,12-6-2015,
5,47,12-6-2015,
6,54,12-6-2015,
7,56,12-6-2015,
8,25,12-6-2015,
9,69,12-6-2015,
10,91,12-6-2015,
11,551,12-6-2015,
12,98,12-6-2015,
13,67,12-6-2015,
14,58,12-6-2015,
15,62,12-6-2015,
16,50,12-6-2015,
20,76,12-6-2015,
21,61,12-6-2015,
22,116,12-6-2015,
23,121,13-6-2015,
24,129,13-6-2015,
25,184,13-6-2015,
26,122,13-6-2015,
33,77,13-6-2015,
34,51,13-6-2015,
35,52,13-6-2015,
36,61,13-6-2015,
37,53,13-6-2015,
38,59,13-6-2015,
41,37,13-6-2015,
42,28,13-6-2015,
43,25,13-6-2015,
44,25,13-6-2015,
45,33,13-6-2015,
46,37,13-6-2015,
47,131,14-6-2015,
48,120,14-6-2015,
49,78,14-6-2015,
50,69,14-6-2015,
51,68,14-6-2015,
52,127,14-6-2015,
53,36,14-6-2015,
54,39,14-6-2015,
55,38,14-6-2015,
56,55,14-6-2015,
57,37,14-6-2015,
58,23,14-6-2015,
59,27,14-6-2015,
60,39,14-6-2015,
61,11,14-6-2015,
62,60,14-6-2015,
63,65,14-6-2015,
64,69,14-6-2015,
65,89,14-6-2015,
66,160,14-6-2015,
67,227,14-6-2015,
68,178,14-6-2015,
69,84,14-6-2015,
70,125,14-6-2015,
71,122,15-6-2015,
72,128,15-6-2015,
73,100,15-6-2015,
74,70,15-6-2015,
75,114,15-6-2015,
76,90,15-6-2015,
77,99,15-6-2015,
78,124,15-6-2015,
79,117,15-6-2015,
80,87,15-6-2015,
81,86,15-6-2015,
82,98,15-6-2015,
83,79,15-6-2015,
95,184,16-6-2015,
96,182,16-6-2015,
97,164,16-6-2015,
98,174,16-6-2015,
99,179,16-6-2015,
100,187,16-6-2015,
101,164,16-6-2015,
102,209,16-6-2015,
103,158,16-6-2015,
104,139,16-6-2015,
105,119,16-6-2015,
106,70,16-6-2015,
107,101,16-6-2015,
108,97,16-6-2015,
109,90,16-6-2015,
110,87,16-6-2015,
111,80,16-6-2015,
112,72,16-6-2015,
113,50,16-6-2015,
114,57,16-6-2015,
115,59,16-6-2015,
116,80,16-6-2015,
117,107,16-6-2015,
118,74,16-6-2015,
126,145,17-6-2015,
127,158,17-6-2015,
128,164,17-6-2015,
129,121,17-6-2015,
130,117,17-6-2015,
131,85,17-6-2015,
133,62,17-6-2015,
134,64,17-6-2015,
135,64,17-6-2015,
136,65,17-6-2015,
137,74,17-6-2015,
138,77,17-6-2015,
139,112,17-6-2015,
140,120,17-6-2015,
141,150,17-6-2015,
142,193,17-6-2015,
143,163,18-6-2015,
0,30,21-6-2015,
1,37,21-6-2015,
2,110,21-6-2015,
3,37,21-6-2015,
4,52,21-6-2015,
5,48,21-6-2015,
6,28,21-6-2015,
7,59,21-6-2015,
8,45,21-6-2015,
9,89,21-6-2015,
10,64,21-6-2015,
11,50,22-6-2015,
12,95,22-6-2015,
13,47,22-6-2015,
14,63,22-6-2015,
15,91,22-6-2015,
16,89,22-6-2015,
17,87,22-6-2015,
18,64,22-6-2015,
19,44,22-6-2015,
20,50,22-6-2015,
21,49,22-6-2015,
22,33,22-6-2015,
23,27,22-6-2015,
24,33,22-6-2015,
25,30,22-6-2015,
26,5,22-6-2015,
27,24,22-6-2015,
28,50,22-6-2015,
29,28,22-6-2015,
30,59,22-6-2015,
31,94,22-6-2015,
32,81,22-6-2015,
33,70,22-6-2015,
34,89,22-6-2015,
35,54,23-6-2015,
36,56,23-6-2015,
37,56,23-6-2015,
38,58,23-6-2015,
39,57,23-6-2015,
40,96,23-6-2015,
41,126,23-6-2015,
42,87,23-6-2015,
43,59,23-6-2015,
44,70,23-6-2015,
45,71,23-6-2015,
46,52,23-6-2015,
47,67,23-6-2015,
48,40,23-6-2015,
49,44,23-6-2015,
50,43,23-6-2015,
52,76,23-6-2015,
53,22,23-6-2015,
54,34,23-6-2015,
55,59,23-6-2015,
56,92,23-6-2015,
57,104,23-6-2015,
58,92,23-6-2015,
59,81,24-6-2015,
0,117,24-6-2015,
1,100,24-6-2015,
2,69,24-6-2015,
3,101,24-6-2015,
4,115,24-6-2015,
5,125,24-6-2015,
6,142,24-6-2015,
7,28,24-6-2015,
8,23,25-6-2015,
9,48,25-6-2015,
10,26,25-6-2015,
11,26,25-6-2015,
12,30,25-6-2015,
13,33,25-6-2015,
14,30,25-6-2015,
15,22,25-6-2015,
16,31,25-6-2015,
17,26,25-6-2015,
18,9,25-6-2015,
19,59,25-6-2015,
20,59,25-6-2015,
21,27,25-6-2015,
22,42,25-6-2015,
23,43,25-6-2015,
24,30,25-6-2015,
25,46,25-6-2015,
26,43,25-6-2015,
27,28,25-6-2015,
28,47,25-6-2015,
29,98,25-6-2015,
30,93,25-6-2015,
31,89,25-6-2015,
32,89,26-6-2015,
33,75,26-6-2015,
35,97,26-6-2015,
36,110,26-6-2015,
37,90,26-6-2015,
38,115,26-6-2015,
39,154,26-6-2015,
40,77,26-6-2015,
41,70,26-6-2015,
42,53,26-6-2015,
43,61,26-6-2015,
44,51,26-6-2015,
45,68,26-6-2015,
46,63,26-6-2015,
48,60,26-6-2015,
49,62,26-6-2015,
50,60,26-6-2015,
51,70,26-6-2015,
52,40,26-6-2015,
53,16,26-6-2015,
54,26,26-6-2015,
55,57,26-6-2015,
56,56,27-6-2015,
57,77,27-6-2015,
58,36,27-6-2015,
59,40,27-6-2015,
60,40,27-6-2015,
61,52,27-6-2015,
62,69,27-6-2015,
63,92,27-6-2015,
64,92,27-6-2015,
65,103,27-6-2015,
66,106,27-6-2015,
67,102,27-6-2015,
68,122,27-6-2015,
69,124,27-6-2015,
71,103,27-6-2015,
72,120,27-6-2015,
73,77,27-6-2015,
74,100,27-6-2015,
75,96,27-6-2015,
76,44,27-6-2015,
77,26,27-6-2015,
78,50,27-6-2015,
79,39,27-6-2015,
80,33,28-6-2015,
81,71,28-6-2015,
82,44,28-6-2015,
83,39,28-6-2015,
84,43,28-6-2015,
85,23,28-6-2015,
86,68,28-6-2015,
87,96,28-6-2015,
88,72,28-6-2015,
89,92,28-6-2015,
90,95,28-6-2015,
91,124,28-6-2015,
92,96,28-6-2015,
93,94,28-6-2015,
94,98,28-6-2015,
95,114,28-6-2015,
96,138,28-6-2015,
97,151,28-6-2015,
98,110,28-6-2015,
99,126,28-6-2015,
100,140,28-6-2015,
101,135,28-6-2015,
102,119,28-6-2015,
103,123,28-6-2015,
104,148,29-6-2015,
105,154,29-6-2015,
106,65,29-6-2015,
107,50,29-6-2015,
108,44,29-6-2015,
109,32,29-6-2015,
110,45,29-6-2015,
111,37,29-6-2015,
112,35,29-6-2015,
113,14,29-6-2015,
114,10,29-6-2015,
115,10,29-6-2015,
116,33,29-6-2015,
117,44,29-6-2015,
119,39,29-6-2015,
120,37,29-6-2015,
121,42,29-6-2015,
122,62,29-6-2015,
123,32,29-6-2015,
124,25,29-6-2015,
9,78,6-7-2015,
10,12,6-7-2015,
11,6,6-7-2015,
12,18,6-7-2015,
13,33,6-7-2015,
14,38,6-7-2015,
15,28,6-7-2015,
16,17,6-7-2015,
17,11,6-7-2015,
18,0,6-7-2015,
19,66,6-7-2015,
20,39,6-7-2015,
21,37,6-7-2015,
22,54,6-7-2015,
23,35,7-7-2015,
24,57,7-7-2015,
25,6,7-7-2015,
26,38,7-7-2015,
27,60,7-7-2015,
28,47,7-7-2015,
29,45,7-7-2015,
30,65,7-7-2015,
31,50,7-7-2015,
32,57,7-7-2015,
33,48,7-7-2015,
34,42,7-7-2015,
35,73,7-7-2015,
36,107,7-7-2015,
37,118,7-7-2015,
38,75,7-7-2015,
39,78,7-7-2015,
40,113,7-7-2015,
41,26,7-7-2015,
42,27,7-7-2015,
43,33,7-7-2015,
44,76,7-7-2015,
45,64,7-7-2015,
46,65,7-7-2015,
47,62,8-7-2015,
48,48,8-7-2015,
49,39,8-7-2015,
50,54,8-7-2015,
51,108,8-7-2015,
52,70,8-7-2015,
53,35,8-7-2015,
54,77,8-7-2015,
55,67,8-7-2015,
56,64,8-7-2015,
57,67,8-7-2015,
58,76,8-7-2015,
59,68,8-7-2015,
60,67,8-7-2015,
61,59,8-7-2015,
62,72,8-7-2015,
63,83,8-7-2015,
64,88,8-7-2015,
65,64,8-7-2015,
66,70,8-7-2015,
67,77,8-7-2015,
68,19,8-7-2015,
69,82,8-7-2015,
70,106,8-7-2015,
71,91,9-7-2015,
72,98,9-7-2015,
73,77,9-7-2015,
74,73,9-7-2015,
75,94,9-7-2015,
76,83,9-7-2015,
77,63,9-7-2015,
78,46,9-7-2015,
79,18,9-7-2015,
80,26,9-7-2015,
81,12,9-7-2015,
82,35,9-7-2015,
83,66,9-7-2015,
84,57,9-7-2015,
85,30,9-7-2015,
86,59,9-7-2015,
87,67,9-7-2015,
88,93,9-7-2015,
101,1,10-7-2015,
102,64,10-7-2015,
103,72,10-7-2015,
104,56,10-7-2015,
105,22,10-7-2015,
106,22,10-7-2015,
107,30,10-7-2015,
108,25,10-7-2015,
110,58,10-7-2015,
111,5,10-7-2015,
112,16,10-7-2015,
113,6,10-7-2015,
114,16,10-7-2015,
115,40,10-7-2015,
116,44,10-7-2015,
117,32,10-7-2015,
118,40,10-7-2015,
119,52,11-7-2015,
120,37,11-7-2015,
121,10,11-7-2015,
122,35,11-7-2015,
123,13,11-7-2015,
124,17,11-7-2015,
125,11,11-7-2015,
126,19,11-7-2015,
127,43,11-7-2015,
128,21,11-7-2015,
130,55,11-7-2015,
131,17,11-7-2015,
132,22,11-7-2015,
133,25,11-7-2015,
134,35,11-7-2015,
135,39,11-7-2015,
136,52,11-7-2015,
137,27,11-7-2015,
138,39,11-7-2015,
139,20,11-7-2015,
140,35,11-7-2015,
0,101,12-7-2015,
1,61,12-7-2015,
2,59,12-7-2015,
3,35,12-7-2015,
4,37,12-7-2015,
5,35,12-7-2015,
6,14,12-7-2015,
7,26,12-7-2015,
8,13,12-7-2015,
9,12,12-7-2015,
10,6,12-7-2015,
11,22,12-7-2015,
12,11,12-7-2015,
13,29,12-7-2015,
14,8,12-7-2015,
15,11,12-7-2015,
16,13,12-7-2015,
17,25,12-7-2015,
18,15,12-7-2015,
19,9,12-7-2015,
20,34,12-7-2015,
21,26,12-7-2015,
22,30,12-7-2015,
23,27,13-7-2015,
24,24,13-7-2015,
25,13,13-7-2015,
26,45,13-7-2015,
27,53,13-7-2015,
28,34,13-7-2015,
29,36,13-7-2015,
30,57,13-7-2015,
32,7,13-7-2015,
33,37,13-7-2015,
34,27,13-7-2015,
35,20,13-7-2015,
36,22,13-7-2015,
37,30,13-7-2015,
38,36,13-7-2015,
39,53,13-7-2015,
40,52,13-7-2015,
41,39,13-7-2015,
42,23,13-7-2015,
43,56,13-7-2015,
44,106,13-7-2015,
45,141,13-7-2015,
46,104,13-7-2015,
47,74,14-7-2015,
48,68,14-7-2015,
49,30,14-7-2015,
50,33,14-7-2015,
51,46,14-7-2015,
52,35,14-7-2015,
53,47,14-7-2015,
54,45,14-7-2015,
55,34,14-7-2015,
56,45,14-7-2015,
57,41,14-7-2015,
59,60,14-7-2015,
60,24,14-7-2015,
61,66,14-7-2015,
62,58,14-7-2015,
63,53,14-7-2015,
64,59,14-7-2015,
65,25,14-7-2015,
66,24,14-7-2015,
67,21,14-7-2015,
68,48,14-7-2015,
69,75,14-7-2015,
70,48,14-7-2015,
71,52,15-7-2015,
72,31,15-7-2015,
73,38,15-7-2015,
74,24,15-7-2015,
75,41,15-7-2015,
76,50,15-7-2015,
77,63,15-7-2015,
78,61,15-7-2015,
79,48,15-7-2015,
85,67,15-7-2015,
86,110,15-7-2015,
87,110,15-7-2015,
88,64,15-7-2015,
89,99,15-7-2015,
90,68,15-7-2015,
91,88,15-7-2015,
92,89,15-7-2015,
93,109,15-7-2015,
94,85,15-7-2015,
95,77,16-7-2015,
97,53,16-7-2015,
98,41,16-7-2015,
99,56,16-7-2015,
100,50,16-7-2015,
101,90,16-7-2015,
102,54,16-7-2015,
103,115,16-7-2015,
104,101,16-7-2015,
105,169,16-7-2015,
106,95,16-7-2015,
107,143,16-7-2015,
108,64,16-7-2015,
109,120,16-7-2015,
110,125,16-7-2015,
111,136,16-7-2015,
112,137,16-7-2015,
113,108,16-7-2015,
114,114,16-7-2015,
115,67,16-7-2015,
116,80,16-7-2015,
133,95,17-7-2015,
134,106,17-7-2015,
135,113,17-7-2015,
136,113,17-7-2015,
137,28,17-7-2015,
138,39,17-7-2015,
139,51,17-7-2015,
140,101,17-7-2015,
141,111,17-7-2015,
142,96,17-7-2015,
143,113,18-7-2015,
0,106,18-7-2015,
1,81,18-7-2015,
2,87,18-7-2015,
3,92,18-7-2015,
4,80,18-7-2015,
5,78,18-7-2015,
6,75,18-7-2015,
7,64,18-7-2015,
8,68,18-7-2015,
9,90,18-7-2015,
10,85,18-7-2015,
11,89,18-7-2015,
12,57,18-7-2015,
13,57,18-7-2015,
14,34,18-7-2015,
15,24,18-7-2015,
16,24,18-7-2015,
17,37,18-7-2015,
18,56,18-7-2015,
19,84,18-7-2015,
20,81,18-7-2015,
21,82,18-7-2015,
22,105,18-7-2015,
24,78,19-7-2015,
25,59,19-7-2015,
26,93,19-7-2015,
27,115,19-7-2015,
28,63,19-7-2015,
29,68,19-7-2015,
30,94,19-7-2015,
37,48,19-7-2015,
38,64,19-7-2015,
39,69,19-7-2015,
40,62,19-7-2015,
41,99,19-7-2015,
42,77,19-7-2015,
43,111,19-7-2015,
44,214,19-7-2015,
45,79,19-7-2015,
46,34,19-7-2015,
47,56,20-7-2015,
48,36,20-7-2015,
49,29,20-7-2015,
50,118,20-7-2015,
51,88,20-7-2015,
52,23,20-7-2015,
53,49,20-7-2015,
54,67,20-7-2015,
55,24,20-7-2015,
56,0,20-7-2015,
57,0,20-7-2015,
58,28,20-7-2015,
59,42,20-7-2015,
60,14,20-7-2015,
61,36,20-7-2015,
62,55,20-7-2015,
63,121,20-7-2015,
64,74,20-7-2015,
65,54,20-7-2015,
66,56,20-7-2015,
67,54,20-7-2015,
68,74,20-7-2015,
69,57,20-7-2015,
70,91,20-7-2015,
72,57,21-7-2015,
73,19,21-7-2015,
74,21,21-7-2015,
75,49,21-7-2015,
76,0,21-7-2015,
77,22,21-7-2015,
78,40,21-7-2015,
79,69,21-7-2015,
80,50,21-7-2015,
81,39,21-7-2015,
82,27,21-7-2015,
83,35,21-7-2015,
84,25,21-7-2015,
85,54,21-7-2015,
86,33,21-7-2015,
87,38,21-7-2015,
88,39,21-7-2015,
89,58,21-7-2015,
90,38,21-7-2015,
91,33,21-7-2015,
92,62,21-7-2015,
93,64,21-7-2015,
94,62,21-7-2015,
95,39,22-7-2015,
96,48,22-7-2015,
97,20,22-7-2015,
98,61,22-7-2015,
99,72,22-7-2015,
101,32,22-7-2015,
102,54,22-7-2015,
103,38,22-7-2015,
104,30,22-7-2015,
105,32,22-7-2015,
106,30,22-7-2015,
107,35,22-7-2015,
108,5,22-7-2015,
109,59,22-7-2015,
110,43,22-7-2015,
111,39,22-7-2015,
112,39,22-7-2015,
113,47,22-7-2015,
114,50,22-7-2015,
115,36,22-7-2015,
116,42,22-7-2015,
117,39,22-7-2015,
118,46,22-7-2015,
119,34,23-7-2015,
120,36,23-7-2015,
121,25,23-7-2015,
122,25,23-7-2015,
123,45,23-7-2015,
124,26,23-7-2015,
125,38,23-7-2015,
126,46,23-7-2015,
127,44,23-7-2015,
128,43,23-7-2015,
129,43,23-7-2015,
130,24,23-7-2015,
131,65,23-7-2015,
132,1,23-7-2015,
133,53,23-7-2015,
134,24,23-7-2015,
135,26,23-7-2015,
136,57,23-7-2015,
137,37,23-7-2015,
138,31,23-7-2015,
139,27,23-7-2015,
140,44,23-7-2015,
141,48,23-7-2015,
142,64,23-7-2015,
143,47,24-7-2015,
0,30,24-7-2015,
1,26,24-7-2015,
2,41,24-7-2015,
3,57,24-7-2015,
4,53,24-7-2015,
5,47,24-7-2015,
6,69,24-7-2015,
7,44,24-7-2015,
8,39,24-7-2015,
9,31,24-7-2015,
10,56,24-7-2015,
11,58,24-7-2015,
12,41,24-7-2015,
13,56,24-7-2015,
14,64,24-7-2015,
15,24,24-7-2015,
16,74,24-7-2015,
20,59,24-7-2015,
23,65,25-7-2015,
24,68,25-7-2015,
25,24,25-7-2015,
26,38,25-7-2015,
27,44,25-7-2015,
28,34,25-7-2015,
29,47,25-7-2015,
30,38,25-7-2015,
31,31,25-7-2015,
32,37,25-7-2015,
33,44,25-7-2015,
34,55,25-7-2015,
35,33,25-7-2015,
36,22,25-7-2015,
37,60,25-7-2015,
38,69,25-7-2015,
39,67,25-7-2015,
40,77,25-7-2015,
41,40,25-7-2015,
42,38,25-7-2015,
44,49,25-7-2015,
45,58,25-7-2015,
46,69,25-7-2015,
47,60,26-7-2015,
48,50,26-7-2015,
49,34,26-7-2015,
50,35,26-7-2015,
51,75,26-7-2015,
52,22,26-7-2015,
53,61,26-7-2015,
54,68,26-7-2015,
55,44,26-7-2015,
56,30,26-7-2015,
57,12,26-7-2015,
58,13,26-7-2015,
59,19,26-7-2015,
60,5,26-7-2015,
61,10,26-7-2015,
62,18,26-7-2015,
63,10,26-7-2015,
64,17,26-7-2015,
65,22,26-7-2015,
66,19,26-7-2015,
67,6,26-7-2015,
68,15,26-7-2015,
69,25,26-7-2015,
70,20,26-7-2015,
71,15,27-7-2015,
72,26,27-7-2015,
74,0,27-7-2015,
75,13,27-7-2015,
76,12,27-7-2015,
77,19,27-7-2015,
78,25,27-7-2015,
79,32,27-7-2015,
80,16,27-7-2015,
81,2,27-7-2015,
82,21,27-7-2015,
83,18,27-7-2015,
84,13,27-7-2015,
85,41,27-7-2015,
86,47,27-7-2015,
87,24,27-7-2015,
88,36,27-7-2015,
89,24,27-7-2015,
90,13,27-7-2015,
91,14,27-7-2015,
92,24,27-7-2015,
93,25,27-7-2015,
94,24,27-7-2015,
95,12,28-7-2015,
96,6,28-7-2015,
97,0,28-7-2015,
98,14,28-7-2015,
99,14,28-7-2015,
100,10,28-7-2015,
101,13,28-7-2015,
102,13,28-7-2015,
103,23,28-7-2015,
104,15,28-7-2015,
105,12,28-7-2015,
106,21,28-7-2015,
107,25,28-7-2015,
108,21,28-7-2015,
109,0,28-7-2015,
110,33,28-7-2015,
111,28,28-7-2015,
112,28,28-7-2015,
113,9,28-7-2015,
114,13,28-7-2015,
117,27,28-7-2015,
118,25,28-7-2015,
119,24,29-7-2015,
120,28,29-7-2015,
121,3,29-7-2015,
122,7,29-7-2015,
123,17,29-7-2015,
124,16,29-7-2015,
125,14,29-7-2015,
126,30,29-7-2015,
127,49,29-7-2015,
128,11,29-7-2015,
129,14,29-7-2015,
130,25,29-7-2015,
131,23,29-7-2015,
132,48,29-7-2015,
133,45,29-7-2015,
134,34,29-7-2015,
135,1,29-7-2015,
136,33,29-7-2015,
137,18,29-7-2015,
138,23,29-7-2015,
139,28,29-7-2015,
140,30,29-7-2015,
141,37,29-7-2015,
142,38,29-7-2015,
143,22,30-7-2015,
0,21,30-7-2015,
1,0,30-7-2015,
2,18,30-7-2015,
3,16,30-7-2015,
4,9,30-7-2015,
5,13,30-7-2015,
6,17,30-7-2015,
7,28,30-7-2015,
8,18,30-7-2015,
9,3,30-7-2015,
10,0,30-7-2015,
11,5,30-7-2015,
12,5,30-7-2015,
13,35,30-7-2015,
15,38,30-7-2015,
16,19,30-7-2015,
17,10,30-7-2015,
18,8,30-7-2015,
19,24,30-7-2015,
20,21,30-7-2015,
21,36,30-7-2015,
22,33,30-7-2015,
23,41,31-7-2015,
24,24,31-7-2015,
25,2,31-7-2015,
26,24,31-7-2015,
27,22,31-7-2015,
28,34,31-7-2015,
29,23,31-7-2015,
30,40,31-7-2015,
31,55,31-7-2015,
32,37,31-7-2015,
33,32,31-7-2015,
34,46,31-7-2015,
35,61,31-7-2015,
36,54,31-7-2015,
37,58,31-7-2015,
38,31,31-7-2015,
39,50,31-7-2015,
40,61,31-7-2015,
41,64,31-7-2015,
42,22,31-7-2015,
43,28,31-7-2015,
44,12,31-7-2015,
45,37,31-7-2015,
46,33,31-7-2015,
48,34,1-8-2015,
49,2,1-8-2015,
50,25,1-8-2015,
51,37,1-8-2015,
52,41,1-8-2015,
53,48,1-8-2015,
54,41,1-8-2015,
55,52,1-8-2015,
56,53,1-8-2015,
57,30,1-8-2015,
58,50,1-8-2015,
59,59,1-8-2015,
60,25,1-8-2015,
61,68,1-8-2015,
62,56,1-8-2015,
63,42,1-8-2015,
64,62,1-8-2015,
65,34,1-8-2015,
66,36,1-8-2015,
67,26,1-8-2015,
68,42,1-8-2015,
69,36,1-8-2015,
70,42,1-8-2015,
71,50,2-8-2015,
72,56,2-8-2015,
73,37,2-8-2015,
74,44,2-8-2015,
75,60,2-8-2015,
76,27,2-8-2015,
77,68,2-8-2015,
78,56,2-8-2015,
79,37,2-8-2015,
80,40,2-8-2015,
81,31,2-8-2015,
82,32,2-8-2015,
83,43,2-8-2015,
84,62,2-8-2015,
104,38,3-8-2015,
109,45,3-8-2015,
110,41,3-8-2015,
111,42,3-8-2015,
112,73,3-8-2015,
113,51,3-8-2015,
114,37,3-8-2015,
115,56,3-8-2015,
116,37,3-8-2015,
117,47,3-8-2015,
118,52,3-8-2015,
119,53,4-8-2015,
120,35,4-8-2015,
121,0,4-8-2015,
122,17,4-8-2015,
123,26,4-8-2015,
124,20,4-8-2015,
125,27,4-8-2015,
126,30,4-8-2015,
127,49,4-8-2015,
128,36,4-8-2015,
129,43,4-8-2015,
130,42,4-8-2015,
131,28,4-8-2015,
132,50,4-8-2015,
133,72,4-8-2015,
134,52,4-8-2015,
135,70,4-8-2015,
136,55,4-8-2015,
137,36,4-8-2015,
138,65,4-8-2015,
139,89,4-8-2015,
140,50,4-8-2015,
141,26,4-8-2015,
142,73,4-8-2015,
143,47,5-8-2015,
0,47,5-8-2015,
1,43,5-8-2015,
2,52,5-8-2015,
3,70,5-8-2015,
4,58,5-8-2015,
5,54,5-8-2015,
6,64,5-8-2015,
7,48,5-8-2015,
8,45,5-8-2015,
9,61,5-8-2015,
10,77,5-8-2015,
11,83,5-8-2015,
12,42,5-8-2015,
13,92,5-8-2015,
14,57,5-8-2015,
15,40,5-8-2015,
16,57,5-8-2015,
17,36,5-8-2015,
18,97,5-8-2015,
19,104,5-8-2015,
20,48,5-8-2015,
21,88,5-8-2015,
22,97,5-8-2015,
23,47,6-8-2015,
24,54,6-8-2015,
25,50,6-8-2015,
26,48,6-8-2015,
27,76,6-8-2015,
29,49,6-8-2015,
30,88,6-8-2015,
31,94,6-8-2015,
32,48,6-8-2015,
33,50,6-8-2015,
34,41,6-8-2015,
35,74,6-8-2015,
36,99,6-8-2015,
37,86,6-8-2015,
38,40,6-8-2015,
39,47,6-8-2015,
40,69,6-8-2015,
41,73,6-8-2015,
42,21,6-8-2015,
43,46,6-8-2015,
44,53,6-8-2015,
45,64,6-8-2015,
46,40,6-8-2015,
47,50,7-8-2015,
48,72,7-8-2015,
49,41,7-8-2015,
50,80,7-8-2015,
51,90,7-8-2015,
52,50,7-8-2015,
53,67,7-8-2015,
54,80,7-8-2015,
55,40,7-8-2015,
56,60,7-8-2015,
57,53,7-8-2015,
58,44,7-8-2015,
60,63,7-8-2015,
61,101,7-8-2015,
62,91,7-8-2015,
69,9,7-8-2015,
70,32,7-8-2015,
71,34,8-8-2015,
72,65,8-8-2015,
73,58,8-8-2015,
74,74,8-8-2015,
75,76,8-8-2015,
76,54,8-8-2015,
77,26,8-8-2015,
78,50,8-8-2015,
85,119,8-8-2015,
86,124,8-8-2015,
87,96,8-8-2015,
88,90,8-8-2015,
89,80,8-8-2015,
90,85,8-8-2015,
91,112,8-8-2015,
92,99,8-8-2015,
93,78,8-8-2015,
94,89,8-8-2015,
95,74,9-8-2015,
96,62,9-8-2015,
97,54,9-8-2015,
98,100,9-8-2015,
99,117,9-8-2015,
100,62,9-8-2015,
101,100,9-8-2015,
102,91,9-8-2015,
103,64,9-8-2015,
104,21,9-8-2015,
105,6,9-8-2015,
106,21,9-8-2015,
107,45,9-8-2015,
110,52,9-8-2015,
111,28,9-8-2015,
112,28,9-8-2015,
113,45,9-8-2015,
114,50,9-8-2015,
115,107,9-8-2015,
116,94,9-8-2015,
133,108,10-8-2015,
134,96,10-8-2015,
135,135,10-8-2015,
136,116,10-8-2015,
137,99,10-8-2015,
138,56,10-8-2015,
139,56,10-8-2015,
140,104,10-8-2015,
141,109,10-8-2015,
142,97,10-8-2015,
143,90,11-8-2015,
0,80,11-8-2015,
1,77,11-8-2015,
2,82,11-8-2015,
3,83,11-8-2015,
4,0,11-8-2015,
5,62,11-8-2015,
6,71,11-8-2015,
7,86,11-8-2015,
8,101,11-8-2015,
9,111,11-8-2015,
10,131,11-8-2015,
11,180,11-8-2015,
12,113,11-8-2015,
13,127,11-8-2015,
14,57,11-8-2015,
15,48,11-8-2015,
16,27,11-8-2015,
17,21,11-8-2015,
18,67,11-8-2015,
19,25,11-8-2015,
20,0,11-8-2015,
21,32,11-8-2015,
22,32,11-8-2015,
23,27,12-8-2015,
24,45,12-8-2015,
25,46,12-8-2015,
26,61,12-8-2015,
27,62,12-8-2015,
28,40,12-8-2015,
29,35,12-8-2015,
30,49,12-8-2015,
31,48,12-8-2015,
32,63,12-8-2015,
33,60,12-8-2015,
34,81,12-8-2015,
35,80,12-8-2015,
36,83,12-8-2015,
37,67,12-8-2015,
38,30,12-8-2015,
42,62,12-8-2015,
43,48,12-8-2015,
44,146,12-8-2015,
45,157,12-8-2015,
46,112,12-8-2015,
47,76,13-8-2015,
48,87,13-8-2015,
49,46,13-8-2015,
50,90,13-8-2015,
51,89,13-8-2015,
52,69,13-8-2015,
53,66,13-8-2015,
54,117,13-8-2015,
55,107,13-8-2015,
56,69,13-8-2015,
57,46,13-8-2015,
58,59,13-8-2015,
59,52,13-8-2015,
60,45,13-8-2015,
61,72,13-8-2015,
62,56,13-8-2015,
63,59,13-8-2015,
64,63,13-8-2015,
65,34,13-8-2015,
66,46,13-8-2015,
67,87,13-8-2015,
68,76,13-8-2015,
69,95,13-8-2015,
70,84,13-8-2015,
71,96,14-8-2015,
72,92,14-8-2015,
73,95,14-8-2015,
74,117,14-8-2015,
75,96,14-8-2015,
76,85,14-8-2015,
77,66,14-8-2015,
78,61,14-8-2015,
79,45,14-8-2015,
80,38,14-8-2015,
81,46,14-8-2015,
82,45,14-8-2015,
83,15,14-8-2015,
84,19,14-8-2015,
85,53,14-8-2015,
86,47,14-8-2015,
87,68,14-8-2015,
88,72,14-8-2015,
89,106,14-8-2015,
90,63,14-8-2015,
91,71,14-8-2015,
92,77,14-8-2015,
93,69,14-8-2015,
94,62,14-8-2015,
95,49,15-8-2015,
96,43,15-8-2015,
97,27,15-8-2015,
98,47,15-8-2015,
99,46,15-8-2015,
100,20,15-8-2015,
101,40,15-8-2015,
102,72,15-8-2015,
103,45,15-8-2015,
104,38,15-8-2015,
105,47,15-8-2015,
106,90,15-8-2015,
107,89,15-8-2015,
108,55,15-8-2015,
109,98,15-8-2015,
110,39,15-8-2015,
111,27,15-8-2015,
112,18,15-8-2015,
113,3,15-8-2015,
114,28,15-8-2015,
115,27,15-8-2015,
116,59,15-8-2015,
117,58,15-8-2015,
118,62,15-8-2015,
119,50,16-8-2015,
120,73,16-8-2015,
121,43,16-8-2015,
122,59,16-8-2015,
123,61,16-8-2015,
124,18,16-8-2015,
125,45,16-8-2015,
126,52,16-8-2015,
127,61,16-8-2015,
128,38,16-8-2015,
129,28,16-8-2015,
130,35,16-8-2015,
131,47,16-8-2015,
132,44,16-8-2015,
133,48,16-8-2015,
134,96,16-8-2015,
135,34,16-8-2015,
136,21,16-8-2015,
137,31,16-8-2015,
0,74,17-8-2015,
1,54,17-8-2015,
2,73,17-8-2015,
3,55,17-8-2015,
4,27,17-8-2015,
5,44,17-8-2015,
6,61,17-8-2015,
7,60,17-8-2015,
8,60,17-8-2015,
9,65,17-8-2015,
10,80,17-8-2015,
11,64,17-8-2015,
12,31,17-8-2015,
13,59,17-8-2015,
14,101,17-8-2015,
15,57,17-8-2015,
16,64,17-8-2015,
17,80,17-8-2015,
18,72,17-8-2015,
19,117,17-8-2015,
20,167,17-8-2015,
21,107,17-8-2015,
22,56,17-8-2015,
23,39,18-8-2015,
24,39,18-8-2015,
25,38,18-8-2015,
26,82,18-8-2015,
27,79,18-8-2015,
28,51,18-8-2015,
29,18,18-8-2015,
30,130,18-8-2015,
31,155,18-8-2015,
32,83,18-8-2015,
33,33,18-8-2015,
34,69,18-8-2015,
35,45,18-8-2015,
36,56,18-8-2015,
37,70,18-8-2015,
38,64,18-8-2015,
39,41,18-8-2015,
40,72,18-8-2015,
41,21,18-8-2015,
42,14,18-8-2015,
43,17,18-8-2015,
44,19,18-8-2015,
45,22,18-8-2015,
46,20,18-8-2015,
47,24,19-8-2015,
48,27,19-8-2015,
49,17,19-8-2015,
50,32,19-8-2015,
51,21,19-8-2015,
52,19,19-8-2015,
53,24,19-8-2015,
54,36,19-8-2015,
55,48,19-8-2015,
56,26,19-8-2015,
57,20,19-8-2015,
58,25,19-8-2015,
59,31,19-8-2015,
60,22,19-8-2015,
61,34,19-8-2015,
62,30,19-8-2015,
63,32,19-8-2015,
64,20,19-8-2015,
65,20,19-8-2015,
66,24,19-8-2015,
67,32,19-8-2015,
68,16,19-8-2015,
69,26,19-8-2015,
70,31,19-8-2015,
71,8,20-8-2015,
72,17,20-8-2015,
73,11,20-8-2015,
74,21,20-8-2015,
75,21,20-8-2015,
76,14,20-8-2015,
77,23,20-8-2015,
78,31,20-8-2015,
79,44,20-8-2015,
80,14,20-8-2015,
81,28,20-8-2015,
82,26,20-8-2015,
83,35,20-8-2015,
84,22,20-8-2015,
85,26,20-8-2015,
86,31,20-8-2015,
87,40,20-8-2015,
88,39,20-8-2015,
89,25,20-8-2015,
91,21,20-8-2015,
92,15,20-8-2015,
93,27,20-8-2015,
94,30,20-8-2015,
95,19,21-8-2015,
96,18,21-8-2015,
97,19,21-8-2015,
98,24,21-8-2015,
99,28,21-8-2015,
100,33,21-8-2015,
101,38,21-8-2015,
102,52,21-8-2015,
103,30,21-8-2015,
104,20,21-8-2015,
105,52,21-8-2015,
106,44,21-8-2015,
107,44,21-8-2015,
108,40,21-8-2015,
109,65,21-8-2015,
110,73,21-8-2015,
111,56,21-8-2015,
112,82,21-8-2015,
113,62,21-8-2015,
115,53,21-8-2015,
116,54,21-8-2015,
117,71,21-8-2015,
118,45,21-8-2015,
119,50,22-8-2015,
120,18,22-8-2015,
121,0,22-8-2015,
122,22,22-8-2015,
123,27,22-8-2015,
124,30,22-8-2015,
125,44,22-8-2015,
126,38,22-8-2015,
127,49,22-8-2015,
128,35,22-8-2015,
129,25,22-8-2015,
130,34,22-8-2015,
131,63,22-8-2015,
132,63,22-8-2015,
133,71,22-8-2015,
134,62,22-8-2015,
135,56,22-8-2015,
136,85,22-8-2015,
137,89,22-8-2015,
138,74,22-8-2015,
139,74,22-8-2015,
140,61,22-8-2015,
141,80,22-8-2015,
142,71,22-8-2015,
143,88,23-8-2015,
0,88,23-8-2015,
1,88,23-8-2015,
2,37,23-8-2015,
3,12,23-8-2015,
4,34,23-8-2015,
5,29,23-8-2015,
6,46,23-8-2015,
7,47,23-8-2015,
8,37,23-8-2015,
9,39,23-8-2015,
10,23,23-8-2015,
11,44,23-8-2015,
12,42,23-8-2015,
13,53,23-8-2015,
14,77,23-8-2015,
15,69,23-8-2015,
16,64,23-8-2015,
17,90,23-8-2015,
18,46,23-8-2015,
19,70,23-8-2015,
20,60,23-8-2015,
21,37,23-8-2015,
22,30,23-8-2015,
23,34,23-8-2015,
24,11,24-8-2015,
25,26,24-8-2015,
26,0,24-8-2015,
27,10,24-8-2015,
28,28,24-8-2015,
29,37,24-8-2015,
30,43,24-8-2015,
31,63,24-8-2015,
32,55,24-8-2015,
33,39,24-8-2015,
34,18,24-8-2015,
35,38,24-8-2015,
36,37,24-8-2015,
37,36,24-8-2015,
38,52,24-8-2015,
39,49,24-8-2015,
40,51,24-8-2015,
41,67,24-8-2015,
42,59,24-8-2015,
43,55,24-8-2015,
44,49,24-8-2015,
45,69,24-8-2015,
46,111,24-8-2015,
47,108,24-8-2015,
48,85,25-8-2015,
58,41,25-8-2015,
59,49,25-8-2015,
60,70,25-8-2015,
61,42,25-8-2015,
62,53,25-8-2015,
63,51,25-8-2015,
64,60,25-8-2015,
65,70,25-8-2015,
66,58,25-8-2015,
68,71,25-8-2015,
69,78,25-8-2015,
70,93,25-8-2015,
71,112,25-8-2015,
72,71,26-8-2015,
73,78,26-8-2015,
74,35,26-8-2015,
75,34,26-8-2015,
76,39,26-8-2015,
77,37,26-8-2015,
78,56,26-8-2015,
79,55,26-8-2015,
80,23,26-8-2015,
81,55,26-8-2015,
82,55,26-8-2015,
83,52,26-8-2015,
84,68,26-8-2015,
85,53,26-8-2015,
86,58,26-8-2015,
87,73,26-8-2015,
88,59,26-8-2015,
89,67,26-8-2015,
90,28,26-8-2015,
91,42,26-8-2015,
92,38,26-8-2015,
93,38,26-8-2015,
94,97,26-8-2015,
95,91,26-8-2015,
96,102,27-8-2015,
97,92,27-8-2015,
98,141,27-8-2015,
102,32,27-8-2015,
103,37,27-8-2015,
104,33,27-8-2015,
105,37,27-8-2015,
106,50,27-8-2015,
107,54,27-8-2015,
108,50,27-8-2015,
109,31,27-8-2015,
110,42,27-8-2015,
111,46,27-8-2015,
112,44,27-8-2015,
113,56,27-8-2015,
114,57,27-8-2015,
115,41,27-8-2015,
116,57,27-8-2015,
117,68,27-8-2015,
118,165,27-8-2015,
119,125,27-8-2015,
120,98,28-8-2015,
121,82,28-8-2015,
122,74,28-8-2015,
123,85,28-8-2015,
124,90,28-8-2015,
125,97,28-8-2015,
126,83,28-8-2015,
127,101,28-8-2015,
128,80,28-8-2015,
129,73,28-8-2015,
130,83,28-8-2015,
131,104,28-8-2015,
132,100,28-8-2015,
133,43,28-8-2015,
134,55,28-8-2015,
135,64,28-8-2015,
136,72,28-8-2015,
137,74,28-8-2015,
139,110,28-8-2015,
140,75,28-8-2015,
0,55,30-8-2015,
1,48,30-8-2015,
2,29,30-8-2015,
31,96,31-8-2015,
32,54,31-8-2015,
33,49,31-8-2015,
34,42,31-8-2015,
35,48,31-8-2015,
36,57,31-8-2015,
37,50,1-9-2015,
38,71,1-9-2015,
39,33,1-9-2015,
40,32,1-9-2015,
41,21,1-9-2015,
42,27,1-9-2015,
43,29,1-9-2015,
47,110,1-9-2015,
48,101,1-9-2015,
49,131,1-9-2015,
50,180,1-9-2015,
51,119,1-9-2015,
52,89,1-9-2015,
53,97,1-9-2015,
55,74,1-9-2015,
56,80,1-9-2015,
57,83,1-9-2015,
58,70,1-9-2015,
59,102,1-9-2015,
60,118,1-9-2015,
61,114,2-9-2015,
62,131,2-9-2015,
63,91,2-9-2015,
64,97,2-9-2015,
65,64,2-9-2015,
66,81,2-9-2015,
67,84,2-9-2015,
68,60,2-9-2015,
69,79,2-9-2015,
70,61,2-9-2015,
71,107,2-9-2015,
72,138,2-9-2015,
73,188,2-9-2015,
74,168,2-9-2015,
75,134,2-9-2015,
76,128,2-9-2015,
77,105,2-9-2015,
78,144,2-9-2015,
79,98,2-9-2015,
87,83,3-9-2015,
88,100,3-9-2015,
89,59,3-9-2015,
90,102,3-9-2015,
91,73,3-9-2015,
92,97,3-9-2015,
93,91,3-9-2015,
97,172,3-9-2015,
98,72,3-9-2015,
99,94,3-9-2015,
100,106,3-9-2015,
101,80,3-9-2015,
102,113,3-9-2015,
103,70,3-9-2015,
104,98,3-9-2015,
105,108,3-9-2015,
106,94,3-9-2015,
107,162,3-9-2015,
108,131,3-9-2015,
26,62,7-9-2015,
27,71,7-9-2015,
28,59,7-9-2015,
30,19,7-9-2015,
31,8,7-9-2015,
32,24,7-9-2015,
33,21,7-9-2015,
34,31,7-9-2015,
35,79,7-9-2015,
36,73,7-9-2015,
37,49,7-9-2015,
38,59,8-9-2015,
39,41,8-9-2015,
40,21,8-9-2015,
41,50,8-9-2015,
42,68,8-9-2015,
43,64,8-9-2015,
44,72,8-9-2015,
45,21,8-9-2015,
46,44,8-9-2015,
47,54,8-9-2015,
48,55,8-9-2015,
49,55,8-9-2015,
50,54,8-9-2015,
51,91,8-9-2015,
52,56,8-9-2015,
53,38,8-9-2015,
73,47,9-9-2015,
74,49,9-9-2015,
75,77,9-9-2015,
76,43,9-9-2015,
77,43,9-9-2015,
78,46,9-9-2015,
79,26,9-9-2015,
80,28,9-9-2015,
81,19,9-9-2015,
82,48,9-9-2015,
83,75,9-9-2015,
84,67,9-9-2015,
85,55,9-9-2015,
0,61,13-9-2015,
1,77,13-9-2015,
2,68,13-9-2015,
3,53,13-9-2015,
4,63,13-9-2015,
5,59,13-9-2015,
6,70,13-9-2015,
7,92,13-9-2015,
8,80,13-9-2015,
9,99,13-9-2015,
10,109,13-9-2015,
11,113,13-9-2015,
12,166,13-9-2015,
13,146,13-9-2015,
14,128,14-9-2015,
15,127,14-9-2015,
16,87,14-9-2015,
17,134,14-9-2015,
18,123,14-9-2015,
19,181,14-9-2015,
20,162,14-9-2015,
21,172,14-9-2015,
22,163,14-9-2015,
23,174,14-9-2015,
24,157,14-9-2015,
25,143,14-9-2015,
26,105,14-9-2015,
27,83,14-9-2015,
28,72,14-9-2015,
29,86,14-9-2015,
30,51,14-9-2015,
31,71,14-9-2015,
32,76,14-9-2015,
33,91,14-9-2015,
34,94,14-9-2015,
35,110,14-9-2015,
36,105,14-9-2015,
37,134,14-9-2015,
38,124,15-9-2015,
39,102,15-9-2015,
40,121,15-9-2015,
41,141,15-9-2015,
42,152,15-9-2015,
43,146,15-9-2015,
44,141,15-9-2015,
45,129,15-9-2015,
46,138,15-9-2015,
47,118,15-9-2015,
48,120,15-9-2015,
49,95,15-9-2015,
50,87,15-9-2015,
51,58,15-9-2015,
52,71,15-9-2015,
53,74,15-9-2015,
54,81,15-9-2015,
55,93,15-9-2015,
56,96,15-9-2015,
57,143,15-9-2015,
58,156,15-9-2015,
59,122,15-9-2015,
60,111,15-9-2015,
61,141,15-9-2015,
62,125,16-9-2015,
0,101,16-9-2015,
1,92,16-9-2015,
2,94,16-9-2015,
3,103,16-9-2015,
4,118,16-9-2015,
5,101,16-9-2015,
6,98,16-9-2015,
7,102,16-9-2015,
8,118,16-9-2015,
9,87,16-9-2015,
10,59,16-9-2015,
11,78,16-9-2015,
12,50,16-9-2015,
13,74,16-9-2015,
14,74,16-9-2015,
15,84,16-9-2015,
16,94,16-9-2015,
17,95,16-9-2015,
18,90,16-9-2015,
19,105,16-9-2015,
20,132,16-9-2015,
21,70,16-9-2015,
22,127,16-9-2015,
23,99,17-9-2015,
24,148,17-9-2015,
25,106,17-9-2015,
26,122,17-9-2015,
27,131,17-9-2015,
28,222,17-9-2015,
29,138,17-9-2015,
30,133,17-9-2015,
31,150,17-9-2015,
32,207,17-9-2015,
33,150,17-9-2015,
34,80,17-9-2015,
35,79,17-9-2015,
36,64,17-9-2015,
37,77,17-9-2015,
38,98,17-9-2015,
39,98,17-9-2015,
40,102,17-9-2015,
41,102,17-9-2015,
42,99,17-9-2015,
43,108,17-9-2015,
44,117,17-9-2015,
45,152,17-9-2015,
46,138,17-9-2015,
47,150,18-9-2015,
48,147,18-9-2015,
49,74,18-9-2015,
50,70,18-9-2015,
51,39,18-9-2015,
52,27,18-9-2015,
53,21,18-9-2015,
54,25,18-9-2015,
55,52,18-9-2015,
56,48,18-9-2015,
57,35,18-9-2015,
58,46,18-9-2015,
59,27,18-9-2015,
60,36,18-9-2015,
61,25,18-9-2015,
62,52,18-9-2015,
63,39,18-9-2015,
64,43,18-9-2015,
65,34,18-9-2015,
66,57,18-9-2015,
67,52,18-9-2015,
68,54,18-9-2015,
69,101,18-9-2015,
70,71,18-9-2015,
71,70,19-9-2015,
72,60,19-9-2015,
73,71,19-9-2015,
74,95,19-9-2015,
75,117,19-9-2015,
76,27,19-9-2015,
77,34,19-9-2015,
78,26,19-9-2015,
79,75,19-9-2015,
80,110,19-9-2015,
81,94,19-9-2015,
82,93,19-9-2015,
83,75,19-9-2015,
84,53,19-9-2015,
85,76,19-9-2015,
86,53,19-9-2015,
87,74,19-9-2015,
88,75,19-9-2015,
89,64,19-9-2015,
90,78,19-9-2015,
91,46,19-9-2015,
92,59,19-9-2015,
93,68,19-9-2015,
94,78,19-9-2015,
95,81,20-9-2015,
96,78,20-9-2015,
97,59,20-9-2015,
98,91,20-9-2015,
99,77,20-9-2015,
100,100,20-9-2015,
101,99,20-9-2015,
102,99,20-9-2015,
103,90,20-9-2015,
104,73,20-9-2015,
105,61,20-9-2015,
106,70,20-9-2015,
107,68,20-9-2015,
108,35,20-9-2015,
109,14,20-9-2015,
110,21,20-9-2015,
111,36,20-9-2015,
112,26,20-9-2015,
113,26,20-9-2015,
114,29,20-9-2015,
115,17,20-9-2015,
116,34,20-9-2015,
117,41,20-9-2015,
118,30,20-9-2015,
119,32,21-9-2015,
120,29,21-9-2015,
121,14,21-9-2015,
122,9,21-9-2015,
123,16,21-9-2015,
124,19,21-9-2015,
125,27,21-9-2015,
126,41,21-9-2015,
127,52,21-9-2015,
128,48,21-9-2015,
129,36,21-9-2015,
130,61,21-9-2015,
134,29,21-9-2015,
135,36,21-9-2015,
136,64,21-9-2015,
0,52,27-9-2015,
1,68,27-9-2015,
2,50,27-9-2015,
3,64,27-9-2015,
4,50,27-9-2015,
5,81,27-9-2015,
6,49,27-9-2015,
7,66,27-9-2015,
8,35,27-9-2015,
9,54,27-9-2015,
10,45,27-9-2015,
11,92,27-9-2015,
12,71,27-9-2015,
13,99,27-9-2015,
14,91,28-9-2015,
1,95,3-10-2015,
2,49,3-10-2015,
3,32,3-10-2015,
5,44,3-10-2015,
6,21,3-10-2015,
7,40,3-10-2015,
8,69,3-10-2015,
9,168,3-10-2015,
10,288,3-10-2015,
11,252,3-10-2015,
12,241,3-10-2015,
13,179,4-10-2015,
1,153,8-10-2015,
2,103,8-10-2015,
3,81,8-10-2015,
4,3,8-10-2015,
5,57,8-10-2015,
6,148,8-10-2015,
7,53,8-10-2015,
8,80,8-10-2015,
9,164,8-10-2015,
10,194,8-10-2015,
11,240,8-10-2015,
12,145,8-10-2015,
13,144,9-10-2015,
14,156,9-10-2015,
15,112,9-10-2015,
16,101,9-10-2015,
17,120,9-10-2015,
18,91,9-10-2015,
19,109,9-10-2015,
20,105,9-10-2015,
21,171,9-10-2015,
22,105,9-10-2015,
23,116,9-10-2015,
24,66,9-10-2015,
25,42,9-10-2015,
26,56,9-10-2015,
27,40,9-10-2015,
28,41,9-10-2015,
29,34,9-10-2015,
30,57,9-10-2015,
31,88,9-10-2015,
32,133,9-10-2015,
33,274,9-10-2015,
34,188,9-10-2015,
35,186,9-10-2015,
36,224,9-10-2015,
37,182,10-10-2015,
0,40,11-10-2015,
1,35,11-10-2015,
2,34,11-10-2015,
4,21,11-10-2015,
5,27,11-10-2015,
6,22,11-10-2015,
7,38,11-10-2015,
8,75,11-10-2015,
9,72,11-10-2015,
10,133,11-10-2015,
11,202,11-10-2015,
12,143,11-10-2015,
13,157,11-10-2015,
14,156,12-10-2015,
15,163,12-10-2015,
16,121,12-10-2015,
17,133,12-10-2015,
18,122,12-10-2015,
19,125,12-10-2015,
20,130,12-10-2015,
21,132,12-10-2015,
22,148,12-10-2015,
23,90,12-10-2015,
24,71,12-10-2015,
25,37,12-10-2015,
26,40,12-10-2015,
27,32,12-10-2015,
28,34,12-10-2015,
29,38,12-10-2015,
30,48,12-10-2015,
31,65,12-10-2015,
32,69,12-10-2015,
33,110,12-10-2015,
34,84,12-10-2015,
35,93,12-10-2015,
36,142,12-10-2015,
37,179,12-10-2015,
38,172,13-10-2015,
39,185,13-10-2015,
40,151,13-10-2015,
41,118,13-10-2015,
42,105,13-10-2015,
43,47,13-10-2015,
44,60,13-10-2015,
45,75,13-10-2015,
46,83,13-10-2015,
47,120,13-10-2015,
48,145,13-10-2015,
49,126,13-10-2015,
50,112,13-10-2015,
51,99,13-10-2015,
52,86,13-10-2015,
53,65,13-10-2015,
54,88,13-10-2015,
55,83,13-10-2015,
56,121,13-10-2015,
57,140,13-10-2015,
58,107,13-10-2015,
59,87,13-10-2015,
60,79,13-10-2015,
61,89,13-10-2015,
62,76,14-10-2015,
63,76,14-10-2015,
64,98,14-10-2015,
65,71,14-10-2015,
66,71,14-10-2015,
67,36,14-10-2015,
68,36,14-10-2015,
69,59,14-10-2015,
70,88,14-10-2015,
71,117,14-10-2015,
72,127,14-10-2015,
73,90,14-10-2015,
74,72,14-10-2015,
75,76,14-10-2015,
76,77,14-10-2015,
77,81,14-10-2015,
78,91,14-10-2015,
79,74,14-10-2015,
80,128,14-10-2015,
81,244,14-10-2015,
82,95,14-10-2015,
83,60,14-10-2015,
84,50,14-10-2015,
85,80,14-10-2015,
86,85,15-10-2015,
87,108,15-10-2015,
88,63,15-10-2015,
89,62,15-10-2015,
90,74,15-10-2015,
91,81,15-10-2015,
92,106,15-10-2015,
93,107,15-10-2015,
94,113,15-10-2015,
95,101,15-10-2015,
96,83,15-10-2015,
97,91,15-10-2015,
98,57,15-10-2015,
99,56,15-10-2015,
100,65,15-10-2015,
101,76,15-10-2015,
102,88,15-10-2015,
103,129,15-10-2015,
104,149,15-10-2015,
105,143,15-10-2015,
106,123,15-10-2015,
107,81,15-10-2015,
108,216,15-10-2015,
109,234,15-10-2015,
110,204,16-10-2015,
0,130,18-10-2015,
1,113,18-10-2015,
2,107,18-10-2015,
3,103,18-10-2015,
4,104,18-10-2015,
5,122,18-10-2015,
6,190,18-10-2015,
7,190,18-10-2015,
8,203,18-10-2015,
9,214,18-10-2015,
10,254,18-10-2015,
11,245,18-10-2015,
12,253,18-10-2015,
13,256,19-10-2015,
14,252,19-10-2015,
15,221,19-10-2015,
16,214,19-10-2015,
17,202,19-10-2015,
18,207,19-10-2015,
19,206,19-10-2015,
20,217,19-10-2015,
21,168,19-10-2015,
22,177,19-10-2015,
23,133,19-10-2015,
24,129,19-10-2015,
25,113,19-10-2015,
26,59,19-10-2015,
27,85,19-10-2015,
28,96,19-10-2015,
29,78,19-10-2015,
30,110,19-10-2015,
31,135,19-10-2015,
32,128,19-10-2015,
33,226,19-10-2015,
34,205,19-10-2015,
35,261,19-10-2015,
36,227,19-10-2015,
37,230,20-10-2015,
38,219,20-10-2015,
39,210,20-10-2015,
40,189,20-10-2015,
41,181,20-10-2015,
42,182,20-10-2015,
43,281,20-10-2015,
44,307,20-10-2015,
45,269,20-10-2015,
46,246,20-10-2015,
47,254,20-10-2015,
48,171,20-10-2015,
49,111,20-10-2015,
50,61,20-10-2015,
51,86,20-10-2015,
52,70,20-10-2015,
53,49,20-10-2015,
54,66,20-10-2015,
55,98,20-10-2015,
56,129,20-10-2015,
57,167,20-10-2015,
58,211,20-10-2015,
59,202,20-10-2015,
60,235,20-10-2015,
61,235,21-10-2015,
62,218,21-10-2015,
63,186,21-10-2015,
64,156,21-10-2015,
65,151,21-10-2015,
66,150,21-10-2015,
67,186,21-10-2015,
68,210,21-10-2015,
69,250,21-10-2015,
70,252,21-10-2015,
71,239,21-10-2015,
72,248,21-10-2015,
73,242,21-10-2015,
74,144,21-10-2015,
75,153,21-10-2015,
76,122,21-10-2015,
77,106,21-10-2015,
78,154,21-10-2015,
0,126,22-10-2015,
1,107,22-10-2015,
2,54,22-10-2015,
3,90,22-10-2015,
4,67,22-10-2015,
5,78,22-10-2015,
6,88,22-10-2015,
7,125,22-10-2015,
8,141,22-10-2015,
9,234,22-10-2015,
10,290,22-10-2015,
11,253,22-10-2015,
12,242,22-10-2015,
13,235,23-10-2015,
14,209,23-10-2015,
15,168,23-10-2015,
16,155,23-10-2015,
17,196,23-10-2015,
18,185,23-10-2015,
19,164,23-10-2015,
20,134,23-10-2015,
21,144,23-10-2015,
22,142,23-10-2015,
23,147,23-10-2015,
24,126,23-10-2015,
25,110,23-10-2015,
26,82,23-10-2015,
27,83,23-10-2015,
28,77,23-10-2015,
29,55,23-10-2015,
30,71,23-10-2015,
31,115,23-10-2015,
32,134,23-10-2015,
33,283,23-10-2015,
34,301,23-10-2015,
35,264,23-10-2015,
36,218,23-10-2015,
37,207,24-10-2015,
38,193,24-10-2015,
39,182,24-10-2015,
40,258,24-10-2015,
41,173,24-10-2015,
42,179,24-10-2015,
43,187,24-10-2015,
44,189,24-10-2015,
45,184,24-10-2015,
46,203,24-10-2015,
47,183,24-10-2015,
48,142,24-10-2015,
49,112,24-10-2015,
50,36,24-10-2015,
51,44,24-10-2015,
52,62,24-10-2015,
53,53,24-10-2015,
54,79,24-10-2015,
55,135,24-10-2015,
56,240,24-10-2015,
57,391,24-10-2015,
58,363,24-10-2015,
59,268,24-10-2015,
60,246,24-10-2015,
61,245,25-10-2015,
62,264,25-10-2015,
63,243,25-10-2015,
64,221,25-10-2015,
65,208,25-10-2015,
66,196,25-10-2015,
67,173,25-10-2015,
68,130,25-10-2015,
69,141,25-10-2015,
70,182,25-10-2015,
71,177,25-10-2015,
72,144,25-10-2015,
73,99,25-10-2015,
74,31,25-10-2015,
75,61,25-10-2015,
76,67,25-10-2015,
77,62,25-10-2015,
78,83,25-10-2015,
79,139,25-10-2015,
80,136,25-10-2015,
81,119,25-10-2015,
82,97,25-10-2015,
83,119,25-10-2015,
84,129,25-10-2015,
85,140,26-10-2015,
86,135,26-10-2015,
87,122,26-10-2015,
88,131,26-10-2015,
89,125,26-10-2015,
90,115,26-10-2015,
91,40,26-10-2015,
92,35,26-10-2015,
93,46,26-10-2015,
94,63,26-10-2015,
95,63,26-10-2015,
96,76,26-10-2015,
97,65,26-10-2015,
98,20,26-10-2015,
99,43,26-10-2015,
100,51,26-10-2015,
101,51,26-10-2015,
102,77,26-10-2015,
103,132,26-10-2015,
104,221,26-10-2015,
105,191,26-10-2015,
106,250,26-10-2015,
107,219,26-10-2015,
108,198,26-10-2015,
109,203,27-10-2015,
110,207,27-10-2015,
111,166,27-10-2015,
113,124,27-10-2015,
114,96,27-10-2015,
115,73,27-10-2015,
116,92,27-10-2015,
117,104,27-10-2015,
118,138,27-10-2015,
119,125,27-10-2015,
120,101,27-10-2015,
121,83,27-10-2015,
122,28,27-10-2015,
123,59,27-10-2015,
124,57,27-10-2015,
125,53,27-10-2015,
126,92,27-10-2015,
127,110,27-10-2015,
128,119,27-10-2015,
129,122,27-10-2015,
130,117,27-10-2015,
131,163,27-10-2015,
132,166,27-10-2015,
133,168,28-10-2015,
0,348,31-10-2015,
1,348,31-10-2015,
2,245,31-10-2015,
3,214,31-10-2015,
4,196,31-10-2015,
5,179,31-10-2015,
6,204,31-10-2015,
7,254,31-10-2015,
8,377,31-10-2015,
9,411,31-10-2015,
10,480,31-10-2015,
11,420,31-10-2015,
12,406,1-11-2015,
13,348,1-11-2015,
14,317,1-11-2015,
15,312,1-11-2015,
16,334,1-11-2015,
17,345,1-11-2015,
18,318,1-11-2015,
19,380,1-11-2015,
20,403,1-11-2015,
21,432,1-11-2015,
22,359,1-11-2015,
23,259,1-11-2015,
24,136,1-11-2015,
25,76,1-11-2015,
26,66,1-11-2015,
27,77,1-11-2015,
28,155,1-11-2015,
29,169,1-11-2015,
30,269,1-11-2015,
31,329,1-11-2015,
32,424,1-11-2015,
33,432,1-11-2015,
34,346,1-11-2015,
48,98,2-11-2015,
49,88,2-11-2015,
50,66,2-11-2015,
51,72,2-11-2015,
52,72,2-11-2015,
53,114,2-11-2015,
54,269,2-11-2015,
55,224,2-11-2015,
56,269,2-11-2015,
57,320,2-11-2015,
58,302,2-11-2015,
59,258,2-11-2015,
60,265,3-11-2015,
0,300,3-11-2015,
1,239,3-11-2015,
2,213,3-11-2015,
3,196,3-11-2015,
4,213,3-11-2015,
5,220,3-11-2015,
6,228,3-11-2015,
7,292,3-11-2015,
8,331,3-11-2015,
9,367,3-11-2015,
10,362,3-11-2015,
11,203,3-11-2015,
12,178,3-11-2015,
13,133,3-11-2015,
14,121,3-11-2015,
15,119,3-11-2015,
16,114,3-11-2015,
17,185,3-11-2015,
18,241,3-11-2015,
19,258,3-11-2015,
20,438,3-11-2015,
21,375,3-11-2015,
22,415,3-11-2015,
23,355,4-11-2015,
25,304,4-11-2015,
26,337,4-11-2015,
27,324,4-11-2015,
28,312,4-11-2015,
29,298,4-11-2015,
30,324,4-11-2015,
31,368,4-11-2015,
32,375,4-11-2015,
33,345,4-11-2015,
34,259,4-11-2015,
35,238,4-11-2015,
36,207,4-11-2015,
37,154,4-11-2015,
38,97,4-11-2015,
39,101,4-11-2015,
40,149,4-11-2015,
41,149,4-11-2015,
42,259,4-11-2015,
43,260,4-11-2015,
44,298,4-11-2015,
45,270,4-11-2015,
46,254,4-11-2015,
47,256,5-11-2015,
48,232,5-11-2015,
49,187,5-11-2015,
50,159,5-11-2015,
51,230,5-11-2015,
52,267,5-11-2015,
53,268,5-11-2015,
54,144,5-11-2015,
55,129,5-11-2015,
56,98,5-11-2015,
57,82,5-11-2015,
58,83,5-11-2015,
59,84,5-11-2015,
60,86,5-11-2015,
61,70,5-11-2015,
62,80,5-11-2015,
63,70,5-11-2015,
64,55,5-11-2015,
65,64,5-11-2015,
66,104,5-11-2015,
67,143,5-11-2015,
68,118,5-11-2015,
69,84,5-11-2015,
70,58,5-11-2015,
71,58,6-11-2015,
72,54,6-11-2015,
73,56,6-11-2015,
74,57,6-11-2015,
75,63,6-11-2015,
76,53,6-11-2015,
77,60,6-11-2015,
78,59,6-11-2015,
79,89,6-11-2015,
80,106,6-11-2015,
81,100,6-11-2015,
82,111,6-11-2015,
83,90,6-11-2015,
84,84,6-11-2015,
85,68,6-11-2015,
86,79,6-11-2015,
87,103,6-11-2015,
88,268,6-11-2015,
89,307,6-11-2015,
90,315,6-11-2015,
91,275,6-11-2015,
92,306,6-11-2015,
93,350,6-11-2015,
94,330,6-11-2015,
95,342,7-11-2015,
96,349,7-11-2015,
97,319,7-11-2015,
98,342,7-11-2015,
99,363,7-11-2015,
100,359,7-11-2015,
101,354,7-11-2015,
102,395,7-11-2015,
103,436,7-11-2015,
104,498,7-11-2015,
105,389,7-11-2015,
106,377,7-11-2015,
107,300,7-11-2015,
108,184,7-11-2015,
109,240,7-11-2015,
110,433,7-11-2015,
111,271,7-11-2015,
112,241,7-11-2015,
113,278,7-11-2015,
114,267,7-11-2015,
115,255,7-11-2015,
116,236,7-11-2015,
117,253,7-11-2015,
118,262,7-11-2015,
119,282,8-11-2015,
120,288,8-11-2015,
121,267,8-11-2015,
122,264,8-11-2015,
123,259,8-11-2015,
124,260,8-11-2015,
125,251,8-11-2015,
126,268,8-11-2015,
127,299,8-11-2015,
128,287,8-11-2015,
129,309,8-11-2015,
130,279,8-11-2015,
131,280,8-11-2015,
132,194,8-11-2015,
133,226,8-11-2015,
134,154,8-11-2015,
135,164,8-11-2015,
136,151,8-11-2015,
137,148,8-11-2015,
138,161,8-11-2015,
139,177,8-11-2015,
140,159,8-11-2015,
141,172,8-11-2015,
142,191,8-11-2015,
143,209,9-11-2015,
0,236,13-11-2015,
1,233,13-11-2015,
2,203,13-11-2015,
3,173,13-11-2015,